table_name,ordinal,column_name,column_type,mode,schema_file
CarePlan,1,id,STRING,NULLABLE,src/main/java/com/fluxfhir/opt/v2/infrastructure/bigquery/schema/CarePlanSchema.java
CarePlan,2,resourceType,STRING,NULLABLE,src/main/java/com/fluxfhir/opt/v2/infrastructure/bigquery/schema/CarePlanSchema.java
CarePlan,3,meta_versionId,STRING,NULLABLE,src/main/java/com/fluxfhir/opt/v2/infrastructure/bigquery/schema/CarePlanSchema.java
CarePlan,4,meta_lastUpdated,TIMESTAMP,NULLABLE,src/main/java/com/fluxfhir/opt/v2/infrastructure/bigquery/schema/CarePlanSchema.java
CarePlan,5,meta_profile_0,STRING,NULLABLE,src/main/java/com/fluxfhir/opt/v2/infrastructure/bigquery/schema/CarePlanSchema.java
CarePlan,6,text_status,STRING,NULLABLE,src/main/java/com/fluxfhir/opt/v2/infrastructure/bigquery/schema/CarePlanSchema.java
CarePlan,7,text_div,STRING,NULLABLE,src/main/java/com/fluxfhir/opt/v2/infrastructure/bigquery/schema/CarePlanSchema.java
CarePlan,8,identifier_0_system,STRING,NULLABLE,src/main/java/com/fluxfhir/opt/v2/infrastructure/bigquery/schema/CarePlanSchema.java
CarePlan,9,identifier_0_value,STRING,NULLABLE,src/main/java/com/fluxfhir/opt/v2/infrastructure/bigquery/schema/CarePlanSchema.java
CarePlan,10,instantiatesCanonical_0,STRING,NULLABLE,src/main/java/com/fluxfhir/opt/v2/infrastructure/bigquery/schema/CarePlanSchema.java
CarePlan,11,status,STRING,NULLABLE,src/main/java/com/fluxfhir/opt/v2/infrastructure/bigquery/schema/CarePlanSchema.java
CarePlan,12,intent,STRING,NULLABLE,src/main/java/com/fluxfhir/opt/v2/infrastructure/bigquery/schema/CarePlanSchema.java
CarePlan,13,category_0_coding_0_system,STRING,NULLABLE,src/main/java/com/fluxfhir/opt/v2/infrastructure/bigquery/schema/CarePlanSchema.java
CarePlan,14,category_0_coding_0_code,STRING,NULLABLE,src/main/java/com/fluxfhir/opt/v2/infrastructure/bigquery/schema/CarePlanSchema.java
CarePlan,15,category_0_coding_0_display,STRING,NULLABLE,src/main/java/com/fluxfhir/opt/v2/infrastructure/bigquery/schema/CarePlanSchema.java
CarePlan,16,title,STRING,NULLABLE,src/main/java/com/fluxfhir/opt/v2/infrastructure/bigquery/schema/CarePlanSchema.java
CarePlan,17,description,STRING,NULLABLE,src/main/java/com/fluxfhir/opt/v2/infrastructure/bigquery/schema/CarePlanSchema.java
CarePlan,18,subject_reference,STRING,NULLABLE,src/main/java/com/fluxfhir/opt/v2/infrastructure/bigquery/schema/CarePlanSchema.java
CarePlan,19,subject_display,STRING,NULLABLE,src/main/java/com/fluxfhir/opt/v2/infrastructure/bigquery/schema/CarePlanSchema.java
CarePlan,20,encounter_reference,STRING,NULLABLE,src/main/java/com/fluxfhir/opt/v2/infrastructure/bigquery/schema/CarePlanSchema.java
CarePlan,21,period_start,TIMESTAMP,NULLABLE,src/main/java/com/fluxfhir/opt/v2/infrastructure/bigquery/schema/CarePlanSchema.java
CarePlan,22,period_end,TIMESTAMP,NULLABLE,src/main/java/com/fluxfhir/opt/v2/infrastructure/bigquery/schema/CarePlanSchema.java
CarePlan,23,created,TIMESTAMP,NULLABLE,src/main/java/com/fluxfhir/opt/v2/infrastructure/bigquery/schema/CarePlanSchema.java
CarePlan,24,author_reference,STRING,NULLABLE,src/main/java/com/fluxfhir/opt/v2/infrastructure/bigquery/schema/CarePlanSchema.java
CarePlan,25,author_display,STRING,NULLABLE,src/main/java/com/fluxfhir/opt/v2/infrastructure/bigquery/schema/CarePlanSchema.java
CarePlan,26,contributor_0_reference,STRING,NULLABLE,src/main/java/com/fluxfhir/opt/v2/infrastructure/bigquery/schema/CarePlanSchema.java
CarePlan,27,contributor_0_display,STRING,NULLABLE,src/main/java/com/fluxfhir/opt/v2/infrastructure/bigquery/schema/CarePlanSchema.java
CarePlan,28,contributor_1_reference,STRING,NULLABLE,src/main/java/com/fluxfhir/opt/v2/infrastructure/bigquery/schema/CarePlanSchema.java
CarePlan,29,contributor_1_display,STRING,NULLABLE,src/main/java/com/fluxfhir/opt/v2/infrastructure/bigquery/schema/CarePlanSchema.java
CarePlan,30,careTeam_0_reference,STRING,NULLABLE,src/main/java/com/fluxfhir/opt/v2/infrastructure/bigquery/schema/CarePlanSchema.java
CarePlan,31,addresses_0_reference,STRING,NULLABLE,src/main/java/com/fluxfhir/opt/v2/infrastructure/bigquery/schema/CarePlanSchema.java
CarePlan,32,addresses_0_display,STRING,NULLABLE,src/main/java/com/fluxfhir/opt/v2/infrastructure/bigquery/schema/CarePlanSchema.java
CarePlan,33,supportingInfo_0_reference,STRING,NULLABLE,src/main/java/com/fluxfhir/opt/v2/infrastructure/bigquery/schema/CarePlanSchema.java
CarePlan,34,supportingInfo_0_display,STRING,NULLABLE,src/main/java/com/fluxfhir/opt/v2/infrastructure/bigquery/schema/CarePlanSchema.java
CarePlan,35,goal_0_reference,STRING,NULLABLE,src/main/java/com/fluxfhir/opt/v2/infrastructure/bigquery/schema/CarePlanSchema.java
CarePlan,36,goal_0_display,STRING,NULLABLE,src/main/java/com/fluxfhir/opt/v2/infrastructure/bigquery/schema/CarePlanSchema.java
CarePlan,37,goal_1_reference,STRING,NULLABLE,src/main/java/com/fluxfhir/opt/v2/infrastructure/bigquery/schema/CarePlanSchema.java
CarePlan,38,goal_1_display,STRING,NULLABLE,src/main/java/com/fluxfhir/opt/v2/infrastructure/bigquery/schema/CarePlanSchema.java
CarePlan,39,activity_0_kind,STRING,NULLABLE,src/main/java/com/fluxfhir/opt/v2/infrastructure/bigquery/schema/CarePlanSchema.java
CarePlan,40,activity_0_status,STRING,NULLABLE,src/main/java/com/fluxfhir/opt/v2/infrastructure/bigquery/schema/CarePlanSchema.java
CarePlan,41,activity_0_statusReason_coding_0_system,STRING,NULLABLE,src/main/java/com/fluxfhir/opt/v2/infrastructure/bigquery/schema/CarePlanSchema.java
CarePlan,42,activity_0_statusReason_coding_0_code,STRING,NULLABLE,src/main/java/com/fluxfhir/opt/v2/infrastructure/bigquery/schema/CarePlanSchema.java
CarePlan,43,activity_0_statusReason_coding_0_display,STRING,NULLABLE,src/main/java/com/fluxfhir/opt/v2/infrastructure/bigquery/schema/CarePlanSchema.java
CarePlan,44,activity_0_reference_reference,STRING,NULLABLE,src/main/java/com/fluxfhir/opt/v2/infrastructure/bigquery/schema/CarePlanSchema.java
CarePlan,45,activity_0_reference_display,STRING,NULLABLE,src/main/java/com/fluxfhir/opt/v2/infrastructure/bigquery/schema/CarePlanSchema.java
CarePlan,46,activity_0_detail_kind,STRING,NULLABLE,src/main/java/com/fluxfhir/opt/v2/infrastructure/bigquery/schema/CarePlanSchema.java
CarePlan,47,activity_0_detail_status,STRING,NULLABLE,src/main/java/com/fluxfhir/opt/v2/infrastructure/bigquery/schema/CarePlanSchema.java
CarePlan,48,activity_0_detail_doNotPerform,BOOL,NULLABLE,src/main/java/com/fluxfhir/opt/v2/infrastructure/bigquery/schema/CarePlanSchema.java
CarePlan,49,activity_0_detail_scheduledTiming_repeat_periodUnit,STRING,NULLABLE,src/main/java/com/fluxfhir/opt/v2/infrastructure/bigquery/schema/CarePlanSchema.java
CarePlan,50,activity_0_detail_location_reference,STRING,NULLABLE,src/main/java/com/fluxfhir/opt/v2/infrastructure/bigquery/schema/CarePlanSchema.java
CarePlan,51,activity_0_detail_location_display,STRING,NULLABLE,src/main/java/com/fluxfhir/opt/v2/infrastructure/bigquery/schema/CarePlanSchema.java
CarePlan,52,activity_0_detail_performer_0_reference,STRING,NULLABLE,src/main/java/com/fluxfhir/opt/v2/infrastructure/bigquery/schema/CarePlanSchema.java
CarePlan,53,activity_0_detail_description,STRING,NULLABLE,src/main/java/com/fluxfhir/opt/v2/infrastructure/bigquery/schema/CarePlanSchema.java
CarePlan,54,activity_1_kind,STRING,NULLABLE,src/main/java/com/fluxfhir/opt/v2/infrastructure/bigquery/schema/CarePlanSchema.java
CarePlan,55,activity_1_status,STRING,NULLABLE,src/main/java/com/fluxfhir/opt/v2/infrastructure/bigquery/schema/CarePlanSchema.java
CarePlan,56,activity_1_reference_reference,STRING,NULLABLE,src/main/java/com/fluxfhir/opt/v2/infrastructure/bigquery/schema/CarePlanSchema.java
CarePlan,57,activity_1_reference_display,STRING,NULLABLE,src/main/java/com/fluxfhir/opt/v2/infrastructure/bigquery/schema/CarePlanSchema.java
CarePlan,58,activity_1_detail_kind,STRING,NULLABLE,src/main/java/com/fluxfhir/opt/v2/infrastructure/bigquery/schema/CarePlanSchema.java
CarePlan,59,activity_1_detail_status,STRING,NULLABLE,src/main/java/com/fluxfhir/opt/v2/infrastructure/bigquery/schema/CarePlanSchema.java
CarePlan,60,activity_1_detail_doNotPerform,BOOL,NULLABLE,src/main/java/com/fluxfhir/opt/v2/infrastructure/bigquery/schema/CarePlanSchema.java
CarePlan,61,activity_1_detail_scheduledTiming_repeat_periodUnit,STRING,NULLABLE,src/main/java/com/fluxfhir/opt/v2/infrastructure/bigquery/schema/CarePlanSchema.java
CarePlan,62,activity_1_detail_description,STRING,NULLABLE,src/main/java/com/fluxfhir/opt/v2/infrastructure/bigquery/schema/CarePlanSchema.java
CarePlan,63,activity_2_kind,STRING,NULLABLE,src/main/java/com/fluxfhir/opt/v2/infrastructure/bigquery/schema/CarePlanSchema.java
CarePlan,64,activity_2_status,STRING,NULLABLE,src/main/java/com/fluxfhir/opt/v2/infrastructure/bigquery/schema/CarePlanSchema.java
CarePlan,65,activity_2_reference_reference,STRING,NULLABLE,src/main/java/com/fluxfhir/opt/v2/infrastructure/bigquery/schema/CarePlanSchema.java
CarePlan,66,activity_2_reference_display,STRING,NULLABLE,src/main/java/com/fluxfhir/opt/v2/infrastructure/bigquery/schema/CarePlanSchema.java
CarePlan,67,activity_2_detail_kind,STRING,NULLABLE,src/main/java/com/fluxfhir/opt/v2/infrastructure/bigquery/schema/CarePlanSchema.java
CarePlan,68,activity_2_detail_status,STRING,NULLABLE,src/main/java/com/fluxfhir/opt/v2/infrastructure/bigquery/schema/CarePlanSchema.java
CarePlan,69,activity_2_detail_doNotPerform,BOOL,NULLABLE,src/main/java/com/fluxfhir/opt/v2/infrastructure/bigquery/schema/CarePlanSchema.java
CarePlan,70,activity_2_detail_scheduledTiming_repeat_periodUnit,STRING,NULLABLE,src/main/java/com/fluxfhir/opt/v2/infrastructure/bigquery/schema/CarePlanSchema.java
CarePlan,71,activity_2_detail_description,STRING,NULLABLE,src/main/java/com/fluxfhir/opt/v2/infrastructure/bigquery/schema/CarePlanSchema.java
CarePlan,72,activity_3_kind,STRING,NULLABLE,src/main/java/com/fluxfhir/opt/v2/infrastructure/bigquery/schema/CarePlanSchema.java
CarePlan,73,activity_3_status,STRING,NULLABLE,src/main/java/com/fluxfhir/opt/v2/infrastructure/bigquery/schema/CarePlanSchema.java
CarePlan,74,activity_3_reference_reference,STRING,NULLABLE,src/main/java/com/fluxfhir/opt/v2/infrastructure/bigquery/schema/CarePlanSchema.java
CarePlan,75,activity_3_reference_display,STRING,NULLABLE,src/main/java/com/fluxfhir/opt/v2/infrastructure/bigquery/schema/CarePlanSchema.java
CarePlan,76,activity_3_detail_kind,STRING,NULLABLE,src/main/java/com/fluxfhir/opt/v2/infrastructure/bigquery/schema/CarePlanSchema.java
CarePlan,77,activity_3_detail_status,STRING,NULLABLE,src/main/java/com/fluxfhir/opt/v2/infrastructure/bigquery/schema/CarePlanSchema.java
CarePlan,78,activity_3_detail_doNotPerform,BOOL,NULLABLE,src/main/java/com/fluxfhir/opt/v2/infrastructure/bigquery/schema/CarePlanSchema.java
CarePlan,79,activity_3_detail_description,STRING,NULLABLE,src/main/java/com/fluxfhir/opt/v2/infrastructure/bigquery/schema/CarePlanSchema.java
CarePlan,80,activity_4_kind,STRING,NULLABLE,src/main/java/com/fluxfhir/opt/v2/infrastructure/bigquery/schema/CarePlanSchema.java
CarePlan,81,activity_4_status,STRING,NULLABLE,src/main/java/com/fluxfhir/opt/v2/infrastructure/bigquery/schema/CarePlanSchema.java
CarePlan,82,activity_4_reference_reference,STRING,NULLABLE,src/main/java/com/fluxfhir/opt/v2/infrastructure/bigquery/schema/CarePlanSchema.java
CarePlan,83,activity_4_reference_display,STRING,NULLABLE,src/main/java/com/fluxfhir/opt/v2/infrastructure/bigquery/schema/CarePlanSchema.java
CarePlan,84,activity_4_detail_kind,STRING,NULLABLE,src/main/java/com/fluxfhir/opt/v2/infrastructure/bigquery/schema/CarePlanSchema.java
CarePlan,85,activity_4_detail_status,STRING,NULLABLE,src/main/java/com/fluxfhir/opt/v2/infrastructure/bigquery/schema/CarePlanSchema.java
CarePlan,86,activity_4_detail_doNotPerform,BOOL,NULLABLE,src/main/java/com/fluxfhir/opt/v2/infrastructure/bigquery/schema/CarePlanSchema.java
CarePlan,87,activity_4_detail_scheduledTiming_repeat_periodUnit,STRING,NULLABLE,src/main/java/com/fluxfhir/opt/v2/infrastructure/bigquery/schema/CarePlanSchema.java
CarePlan,88,activity_4_detail_description,STRING,NULLABLE,src/main/java/com/fluxfhir/opt/v2/infrastructure/bigquery/schema/CarePlanSchema.java
CarePlan,89,note_0_authorReference_reference,STRING,NULLABLE,src/main/java/com/fluxfhir/opt/v2/infrastructure/bigquery/schema/CarePlanSchema.java
CarePlan,90,note_0_time,TIMESTAMP,NULLABLE,src/main/java/com/fluxfhir/opt/v2/infrastructure/bigquery/schema/CarePlanSchema.java
CarePlan,91,note_0_text,STRING,NULLABLE,src/main/java/com/fluxfhir/opt/v2/infrastructure/bigquery/schema/CarePlanSchema.java
CarePlan,92,createdAt,TIMESTAMP,NULLABLE,src/main/java/com/fluxfhir/opt/v2/infrastructure/bigquery/schema/CarePlanSchema.java
CarePlan,93,updatedAt,TIMESTAMP,NULLABLE,src/main/java/com/fluxfhir/opt/v2/infrastructure/bigquery/schema/CarePlanSchema.java
CarePlan,94,isDeleted,BOOL,NULLABLE,src/main/java/com/fluxfhir/opt/v2/infrastructure/bigquery/schema/CarePlanSchema.java
Condition,1,id,STRING,NULLABLE,src/main/java/com/fluxfhir/opt/v2/infrastructure/bigquery/schema/ConditionSchema.java
Condition,2,resourceType,STRING,NULLABLE,src/main/java/com/fluxfhir/opt/v2/infrastructure/bigquery/schema/ConditionSchema.java
Condition,3,meta_versionId,STRING,NULLABLE,src/main/java/com/fluxfhir/opt/v2/infrastructure/bigquery/schema/ConditionSchema.java
Condition,4,meta_lastUpdated,TIMESTAMP,NULLABLE,src/main/java/com/fluxfhir/opt/v2/infrastructure/bigquery/schema/ConditionSchema.java
Condition,5,meta_profile_0,STRING,NULLABLE,src/main/java/com/fluxfhir/opt/v2/infrastructure/bigquery/schema/ConditionSchema.java
Condition,6,clinicalStatus_coding_0_system,STRING,NULLABLE,src/main/java/com/fluxfhir/opt/v2/infrastructure/bigquery/schema/ConditionSchema.java
Condition,7,clinicalStatus_coding_0_code,STRING,NULLABLE,src/main/java/com/fluxfhir/opt/v2/infrastructure/bigquery/schema/ConditionSchema.java
Condition,8,clinicalStatus_coding_0_display,STRING,NULLABLE,src/main/java/com/fluxfhir/opt/v2/infrastructure/bigquery/schema/ConditionSchema.java
Condition,9,verificationStatus_coding_0_system,STRING,NULLABLE,src/main/java/com/fluxfhir/opt/v2/infrastructure/bigquery/schema/ConditionSchema.java
Condition,10,verificationStatus_coding_0_code,STRING,NULLABLE,src/main/java/com/fluxfhir/opt/v2/infrastructure/bigquery/schema/ConditionSchema.java
Condition,11,verificationStatus_coding_0_display,STRING,NULLABLE,src/main/java/com/fluxfhir/opt/v2/infrastructure/bigquery/schema/ConditionSchema.java
Condition,12,category_0_coding_0_system,STRING,NULLABLE,src/main/java/com/fluxfhir/opt/v2/infrastructure/bigquery/schema/ConditionSchema.java
Condition,13,category_0_coding_0_code,STRING,NULLABLE,src/main/java/com/fluxfhir/opt/v2/infrastructure/bigquery/schema/ConditionSchema.java
Condition,14,category_0_coding_0_display,STRING,NULLABLE,src/main/java/com/fluxfhir/opt/v2/infrastructure/bigquery/schema/ConditionSchema.java
Condition,15,code_coding_0_system,STRING,NULLABLE,src/main/java/com/fluxfhir/opt/v2/infrastructure/bigquery/schema/ConditionSchema.java
Condition,16,code_coding_0_code,STRING,NULLABLE,src/main/java/com/fluxfhir/opt/v2/infrastructure/bigquery/schema/ConditionSchema.java
Condition,17,code_coding_0_display,STRING,NULLABLE,src/main/java/com/fluxfhir/opt/v2/infrastructure/bigquery/schema/ConditionSchema.java
Condition,18,code_coding_1_system,STRING,NULLABLE,src/main/java/com/fluxfhir/opt/v2/infrastructure/bigquery/schema/ConditionSchema.java
Condition,19,code_coding_1_code,STRING,NULLABLE,src/main/java/com/fluxfhir/opt/v2/infrastructure/bigquery/schema/ConditionSchema.java
Condition,20,code_coding_1_display,STRING,NULLABLE,src/main/java/com/fluxfhir/opt/v2/infrastructure/bigquery/schema/ConditionSchema.java
Condition,21,code_text,STRING,NULLABLE,src/main/java/com/fluxfhir/opt/v2/infrastructure/bigquery/schema/ConditionSchema.java
Condition,22,subject_reference,STRING,NULLABLE,src/main/java/com/fluxfhir/opt/v2/infrastructure/bigquery/schema/ConditionSchema.java
Condition,23,subject_display,STRING,NULLABLE,src/main/java/com/fluxfhir/opt/v2/infrastructure/bigquery/schema/ConditionSchema.java
Condition,24,encounter_reference,STRING,NULLABLE,src/main/java/com/fluxfhir/opt/v2/infrastructure/bigquery/schema/ConditionSchema.java
Condition,25,onsetDateTime,DATE,NULLABLE,src/main/java/com/fluxfhir/opt/v2/infrastructure/bigquery/schema/ConditionSchema.java
Condition,26,recordedDate,TIMESTAMP,NULLABLE,src/main/java/com/fluxfhir/opt/v2/infrastructure/bigquery/schema/ConditionSchema.java
Condition,27,recorder_reference,STRING,NULLABLE,src/main/java/com/fluxfhir/opt/v2/infrastructure/bigquery/schema/ConditionSchema.java
Condition,28,recorder_display,STRING,NULLABLE,src/main/java/com/fluxfhir/opt/v2/infrastructure/bigquery/schema/ConditionSchema.java
Condition,29,stage_0_summary_coding_0_system,STRING,NULLABLE,src/main/java/com/fluxfhir/opt/v2/infrastructure/bigquery/schema/ConditionSchema.java
Condition,30,stage_0_summary_coding_0_code,STRING,NULLABLE,src/main/java/com/fluxfhir/opt/v2/infrastructure/bigquery/schema/ConditionSchema.java
Condition,31,stage_0_summary_coding_0_display,STRING,NULLABLE,src/main/java/com/fluxfhir/opt/v2/infrastructure/bigquery/schema/ConditionSchema.java
Condition,32,stage_0_type_coding_0_system,STRING,NULLABLE,src/main/java/com/fluxfhir/opt/v2/infrastructure/bigquery/schema/ConditionSchema.java
Condition,33,stage_0_type_coding_0_code,STRING,NULLABLE,src/main/java/com/fluxfhir/opt/v2/infrastructure/bigquery/schema/ConditionSchema.java
Condition,34,stage_0_type_coding_0_display,STRING,NULLABLE,src/main/java/com/fluxfhir/opt/v2/infrastructure/bigquery/schema/ConditionSchema.java
Condition,35,evidence_0_concept_coding_0_system,STRING,NULLABLE,src/main/java/com/fluxfhir/opt/v2/infrastructure/bigquery/schema/ConditionSchema.java
Condition,36,evidence_0_concept_coding_0_code,STRING,NULLABLE,src/main/java/com/fluxfhir/opt/v2/infrastructure/bigquery/schema/ConditionSchema.java
Condition,37,evidence_0_concept_coding_0_display,STRING,NULLABLE,src/main/java/com/fluxfhir/opt/v2/infrastructure/bigquery/schema/ConditionSchema.java
Condition,38,evidence_1_concept_coding_0_system,STRING,NULLABLE,src/main/java/com/fluxfhir/opt/v2/infrastructure/bigquery/schema/ConditionSchema.java
Condition,39,evidence_1_concept_coding_0_code,STRING,NULLABLE,src/main/java/com/fluxfhir/opt/v2/infrastructure/bigquery/schema/ConditionSchema.java
Condition,40,evidence_1_concept_coding_0_display,STRING,NULLABLE,src/main/java/com/fluxfhir/opt/v2/infrastructure/bigquery/schema/ConditionSchema.java
Condition,41,evidence_0_reference_reference,STRING,NULLABLE,src/main/java/com/fluxfhir/opt/v2/infrastructure/bigquery/schema/ConditionSchema.java
Condition,42,evidence_0_reference_display,STRING,NULLABLE,src/main/java/com/fluxfhir/opt/v2/infrastructure/bigquery/schema/ConditionSchema.java
Condition,43,evidence_1_reference_reference,STRING,NULLABLE,src/main/java/com/fluxfhir/opt/v2/infrastructure/bigquery/schema/ConditionSchema.java
Condition,44,evidence_1_reference_display,STRING,NULLABLE,src/main/java/com/fluxfhir/opt/v2/infrastructure/bigquery/schema/ConditionSchema.java
Condition,45,evidence_2_reference_reference,STRING,NULLABLE,src/main/java/com/fluxfhir/opt/v2/infrastructure/bigquery/schema/ConditionSchema.java
Condition,46,evidence_2_reference_display,STRING,NULLABLE,src/main/java/com/fluxfhir/opt/v2/infrastructure/bigquery/schema/ConditionSchema.java
Condition,47,evidence_2_concept_coding_0_system,STRING,NULLABLE,src/main/java/com/fluxfhir/opt/v2/infrastructure/bigquery/schema/ConditionSchema.java
Condition,48,evidence_2_concept_coding_0_code,STRING,NULLABLE,src/main/java/com/fluxfhir/opt/v2/infrastructure/bigquery/schema/ConditionSchema.java
Condition,49,evidence_2_concept_coding_0_display,STRING,NULLABLE,src/main/java/com/fluxfhir/opt/v2/infrastructure/bigquery/schema/ConditionSchema.java
Condition,50,bodySite_0_coding_0_system,STRING,NULLABLE,src/main/java/com/fluxfhir/opt/v2/infrastructure/bigquery/schema/ConditionSchema.java
Condition,51,bodySite_0_coding_0_code,STRING,NULLABLE,src/main/java/com/fluxfhir/opt/v2/infrastructure/bigquery/schema/ConditionSchema.java
Condition,52,bodySite_0_coding_0_display,STRING,NULLABLE,src/main/java/com/fluxfhir/opt/v2/infrastructure/bigquery/schema/ConditionSchema.java
Condition,53,note_0_authorReference_reference,STRING,NULLABLE,src/main/java/com/fluxfhir/opt/v2/infrastructure/bigquery/schema/ConditionSchema.java
Condition,54,note_0_time,TIMESTAMP,NULLABLE,src/main/java/com/fluxfhir/opt/v2/infrastructure/bigquery/schema/ConditionSchema.java
Condition,55,note_0_text,STRING,NULLABLE,src/main/java/com/fluxfhir/opt/v2/infrastructure/bigquery/schema/ConditionSchema.java
Condition,56,createdAt,TIMESTAMP,NULLABLE,src/main/java/com/fluxfhir/opt/v2/infrastructure/bigquery/schema/ConditionSchema.java
Condition,57,updatedAt,TIMESTAMP,NULLABLE,src/main/java/com/fluxfhir/opt/v2/infrastructure/bigquery/schema/ConditionSchema.java
Condition,58,isDeleted,BOOL,NULLABLE,src/main/java/com/fluxfhir/opt/v2/infrastructure/bigquery/schema/ConditionSchema.java
Encounter,1,id,STRING,NULLABLE,src/main/java/com/fluxfhir/opt/v2/infrastructure/bigquery/schema/EncounterSchema.java
Encounter,2,resourceType,STRING,NULLABLE,src/main/java/com/fluxfhir/opt/v2/infrastructure/bigquery/schema/EncounterSchema.java
Encounter,3,meta_versionId,STRING,NULLABLE,src/main/java/com/fluxfhir/opt/v2/infrastructure/bigquery/schema/EncounterSchema.java
Encounter,4,meta_lastUpdated,TIMESTAMP,NULLABLE,src/main/java/com/fluxfhir/opt/v2/infrastructure/bigquery/schema/EncounterSchema.java
Encounter,5,meta_profile_0,STRING,NULLABLE,src/main/java/com/fluxfhir/opt/v2/infrastructure/bigquery/schema/EncounterSchema.java
Encounter,6,text_status,STRING,NULLABLE,src/main/java/com/fluxfhir/opt/v2/infrastructure/bigquery/schema/EncounterSchema.java
Encounter,7,text_div,STRING,NULLABLE,src/main/java/com/fluxfhir/opt/v2/infrastructure/bigquery/schema/EncounterSchema.java
Encounter,8,identifier_0_system,STRING,NULLABLE,src/main/java/com/fluxfhir/opt/v2/infrastructure/bigquery/schema/EncounterSchema.java
Encounter,9,identifier_0_value,STRING,NULLABLE,src/main/java/com/fluxfhir/opt/v2/infrastructure/bigquery/schema/EncounterSchema.java
Encounter,10,status,STRING,NULLABLE,src/main/java/com/fluxfhir/opt/v2/infrastructure/bigquery/schema/EncounterSchema.java
Encounter,11,class_0_system,STRING,NULLABLE,src/main/java/com/fluxfhir/opt/v2/infrastructure/bigquery/schema/EncounterSchema.java
Encounter,12,class_0_code,STRING,NULLABLE,src/main/java/com/fluxfhir/opt/v2/infrastructure/bigquery/schema/EncounterSchema.java
Encounter,13,class_0_display,STRING,NULLABLE,src/main/java/com/fluxfhir/opt/v2/infrastructure/bigquery/schema/EncounterSchema.java
Encounter,14,type_0_coding_0_system,STRING,NULLABLE,src/main/java/com/fluxfhir/opt/v2/infrastructure/bigquery/schema/EncounterSchema.java
Encounter,15,type_0_coding_0_code,STRING,NULLABLE,src/main/java/com/fluxfhir/opt/v2/infrastructure/bigquery/schema/EncounterSchema.java
Encounter,16,type_0_coding_0_display,STRING,NULLABLE,src/main/java/com/fluxfhir/opt/v2/infrastructure/bigquery/schema/EncounterSchema.java
Encounter,17,type_0_text,STRING,NULLABLE,src/main/java/com/fluxfhir/opt/v2/infrastructure/bigquery/schema/EncounterSchema.java
Encounter,18,reason_0_use,STRING,NULLABLE,src/main/java/com/fluxfhir/opt/v2/infrastructure/bigquery/schema/EncounterSchema.java
Encounter,19,reason_0_value_coding_0_system,STRING,NULLABLE,src/main/java/com/fluxfhir/opt/v2/infrastructure/bigquery/schema/EncounterSchema.java
Encounter,20,reason_0_value_coding_0_code,STRING,NULLABLE,src/main/java/com/fluxfhir/opt/v2/infrastructure/bigquery/schema/EncounterSchema.java
Encounter,21,reason_0_value_coding_0_display,STRING,NULLABLE,src/main/java/com/fluxfhir/opt/v2/infrastructure/bigquery/schema/EncounterSchema.java
Encounter,22,subject_reference,STRING,NULLABLE,src/main/java/com/fluxfhir/opt/v2/infrastructure/bigquery/schema/EncounterSchema.java
Encounter,23,subject_display,STRING,NULLABLE,src/main/java/com/fluxfhir/opt/v2/infrastructure/bigquery/schema/EncounterSchema.java
Encounter,24,participant_0_type_0_coding_0_system,STRING,NULLABLE,src/main/java/com/fluxfhir/opt/v2/infrastructure/bigquery/schema/EncounterSchema.java
Encounter,25,participant_0_type_0_coding_0_code,STRING,NULLABLE,src/main/java/com/fluxfhir/opt/v2/infrastructure/bigquery/schema/EncounterSchema.java
Encounter,26,participant_0_type_0_coding_0_display,STRING,NULLABLE,src/main/java/com/fluxfhir/opt/v2/infrastructure/bigquery/schema/EncounterSchema.java
Encounter,27,participant_0_actor_reference,STRING,NULLABLE,src/main/java/com/fluxfhir/opt/v2/infrastructure/bigquery/schema/EncounterSchema.java
Encounter,28,participant_0_actor_display,STRING,NULLABLE,src/main/java/com/fluxfhir/opt/v2/infrastructure/bigquery/schema/EncounterSchema.java
Encounter,29,participant_1_type_0_coding_0_system,STRING,NULLABLE,src/main/java/com/fluxfhir/opt/v2/infrastructure/bigquery/schema/EncounterSchema.java
Encounter,30,participant_1_type_0_coding_0_code,STRING,NULLABLE,src/main/java/com/fluxfhir/opt/v2/infrastructure/bigquery/schema/EncounterSchema.java
Encounter,31,participant_1_type_0_coding_0_display,STRING,NULLABLE,src/main/java/com/fluxfhir/opt/v2/infrastructure/bigquery/schema/EncounterSchema.java
Encounter,32,participant_1_actor_reference,STRING,NULLABLE,src/main/java/com/fluxfhir/opt/v2/infrastructure/bigquery/schema/EncounterSchema.java
Encounter,33,participant_1_actor_display,STRING,NULLABLE,src/main/java/com/fluxfhir/opt/v2/infrastructure/bigquery/schema/EncounterSchema.java
Encounter,34,period_start,TIMESTAMP,NULLABLE,src/main/java/com/fluxfhir/opt/v2/infrastructure/bigquery/schema/EncounterSchema.java
Encounter,35,period_end,TIMESTAMP,NULLABLE,src/main/java/com/fluxfhir/opt/v2/infrastructure/bigquery/schema/EncounterSchema.java
Encounter,36,length_unit,STRING,NULLABLE,src/main/java/com/fluxfhir/opt/v2/infrastructure/bigquery/schema/EncounterSchema.java
Encounter,37,length_system,STRING,NULLABLE,src/main/java/com/fluxfhir/opt/v2/infrastructure/bigquery/schema/EncounterSchema.java
Encounter,38,length_code,STRING,NULLABLE,src/main/java/com/fluxfhir/opt/v2/infrastructure/bigquery/schema/EncounterSchema.java
Encounter,39,priority_coding_0_system,STRING,NULLABLE,src/main/java/com/fluxfhir/opt/v2/infrastructure/bigquery/schema/EncounterSchema.java
Encounter,40,priority_coding_0_code,STRING,NULLABLE,src/main/java/com/fluxfhir/opt/v2/infrastructure/bigquery/schema/EncounterSchema.java
Encounter,41,priority_coding_0_display,STRING,NULLABLE,src/main/java/com/fluxfhir/opt/v2/infrastructure/bigquery/schema/EncounterSchema.java
Encounter,42,location_0_location_reference,STRING,NULLABLE,src/main/java/com/fluxfhir/opt/v2/infrastructure/bigquery/schema/EncounterSchema.java
Encounter,43,location_0_location_display,STRING,NULLABLE,src/main/java/com/fluxfhir/opt/v2/infrastructure/bigquery/schema/EncounterSchema.java
Encounter,44,location_0_status,STRING,NULLABLE,src/main/java/com/fluxfhir/opt/v2/infrastructure/bigquery/schema/EncounterSchema.java
Encounter,45,admission_admitSource_coding_0_system,STRING,NULLABLE,src/main/java/com/fluxfhir/opt/v2/infrastructure/bigquery/schema/EncounterSchema.java
Encounter,46,admission_admitSource_coding_0_code,STRING,NULLABLE,src/main/java/com/fluxfhir/opt/v2/infrastructure/bigquery/schema/EncounterSchema.java
Encounter,47,admission_admitSource_coding_0_display,STRING,NULLABLE,src/main/java/com/fluxfhir/opt/v2/infrastructure/bigquery/schema/EncounterSchema.java
Encounter,48,admission_dischargeDisposition_coding_0_system,STRING,NULLABLE,src/main/java/com/fluxfhir/opt/v2/infrastructure/bigquery/schema/EncounterSchema.java
Encounter,49,admission_dischargeDisposition_coding_0_code,STRING,NULLABLE,src/main/java/com/fluxfhir/opt/v2/infrastructure/bigquery/schema/EncounterSchema.java
Encounter,50,admission_dischargeDisposition_coding_0_display,STRING,NULLABLE,src/main/java/com/fluxfhir/opt/v2/infrastructure/bigquery/schema/EncounterSchema.java
Encounter,51,admission_reAdmission_coding_0_system,STRING,NULLABLE,src/main/java/com/fluxfhir/opt/v2/infrastructure/bigquery/schema/EncounterSchema.java
Encounter,52,admission_reAdmission_coding_0_code,STRING,NULLABLE,src/main/java/com/fluxfhir/opt/v2/infrastructure/bigquery/schema/EncounterSchema.java
Encounter,53,admission_reAdmission_coding_0_display,STRING,NULLABLE,src/main/java/com/fluxfhir/opt/v2/infrastructure/bigquery/schema/EncounterSchema.java
Encounter,54,serviceProvider_reference,STRING,NULLABLE,src/main/java/com/fluxfhir/opt/v2/infrastructure/bigquery/schema/EncounterSchema.java
Encounter,55,serviceProvider_display,STRING,NULLABLE,src/main/java/com/fluxfhir/opt/v2/infrastructure/bigquery/schema/EncounterSchema.java
Encounter,56,partOf_reference,STRING,NULLABLE,src/main/java/com/fluxfhir/opt/v2/infrastructure/bigquery/schema/EncounterSchema.java
Encounter,57,createdAt,TIMESTAMP,NULLABLE,src/main/java/com/fluxfhir/opt/v2/infrastructure/bigquery/schema/EncounterSchema.java
Encounter,58,updatedAt,TIMESTAMP,NULLABLE,src/main/java/com/fluxfhir/opt/v2/infrastructure/bigquery/schema/EncounterSchema.java
Encounter,59,isDeleted,BOOL,NULLABLE,src/main/java/com/fluxfhir/opt/v2/infrastructure/bigquery/schema/EncounterSchema.java
FallbackJson,1,id,STRING,NULLABLE,src/main/java/com/fluxfhir/opt/v2/infrastructure/bigquery/schema/FallbackJsonSchema.java
FallbackJson,2,resourceType,STRING,NULLABLE,src/main/java/com/fluxfhir/opt/v2/infrastructure/bigquery/schema/FallbackJsonSchema.java
FallbackJson,3,payload,JSON,NULLABLE,src/main/java/com/fluxfhir/opt/v2/infrastructure/bigquery/schema/FallbackJsonSchema.java
FallbackJson,4,createdAt,TIMESTAMP,NULLABLE,src/main/java/com/fluxfhir/opt/v2/infrastructure/bigquery/schema/FallbackJsonSchema.java
FallbackJson,5,updatedAt,TIMESTAMP,NULLABLE,src/main/java/com/fluxfhir/opt/v2/infrastructure/bigquery/schema/FallbackJsonSchema.java
FallbackJson,6,isDeleted,BOOL,NULLABLE,src/main/java/com/fluxfhir/opt/v2/infrastructure/bigquery/schema/FallbackJsonSchema.java
FamilyMemberHistory,1,id,STRING,NULLABLE,src/main/java/com/fluxfhir/opt/v2/infrastructure/bigquery/schema/FamilyMemberHistorySchema.java
FamilyMemberHistory,2,resourceType,STRING,NULLABLE,src/main/java/com/fluxfhir/opt/v2/infrastructure/bigquery/schema/FamilyMemberHistorySchema.java
FamilyMemberHistory,3,meta_versionId,STRING,NULLABLE,src/main/java/com/fluxfhir/opt/v2/infrastructure/bigquery/schema/FamilyMemberHistorySchema.java
FamilyMemberHistory,4,meta_lastUpdated,TIMESTAMP,NULLABLE,src/main/java/com/fluxfhir/opt/v2/infrastructure/bigquery/schema/FamilyMemberHistorySchema.java
FamilyMemberHistory,5,meta_source,STRING,NULLABLE,src/main/java/com/fluxfhir/opt/v2/infrastructure/bigquery/schema/FamilyMemberHistorySchema.java
FamilyMemberHistory,6,meta_profile_0,STRING,NULLABLE,src/main/java/com/fluxfhir/opt/v2/infrastructure/bigquery/schema/FamilyMemberHistorySchema.java
FamilyMemberHistory,7,meta_security_0_system,STRING,NULLABLE,src/main/java/com/fluxfhir/opt/v2/infrastructure/bigquery/schema/FamilyMemberHistorySchema.java
FamilyMemberHistory,8,meta_security_0_code,STRING,NULLABLE,src/main/java/com/fluxfhir/opt/v2/infrastructure/bigquery/schema/FamilyMemberHistorySchema.java
FamilyMemberHistory,9,meta_security_0_display,STRING,NULLABLE,src/main/java/com/fluxfhir/opt/v2/infrastructure/bigquery/schema/FamilyMemberHistorySchema.java
FamilyMemberHistory,10,meta_tag_0_system,STRING,NULLABLE,src/main/java/com/fluxfhir/opt/v2/infrastructure/bigquery/schema/FamilyMemberHistorySchema.java
FamilyMemberHistory,11,meta_tag_0_code,STRING,NULLABLE,src/main/java/com/fluxfhir/opt/v2/infrastructure/bigquery/schema/FamilyMemberHistorySchema.java
FamilyMemberHistory,12,meta_tag_0_display,STRING,NULLABLE,src/main/java/com/fluxfhir/opt/v2/infrastructure/bigquery/schema/FamilyMemberHistorySchema.java
FamilyMemberHistory,13,text_status,STRING,NULLABLE,src/main/java/com/fluxfhir/opt/v2/infrastructure/bigquery/schema/FamilyMemberHistorySchema.java
FamilyMemberHistory,14,text_div,STRING,NULLABLE,src/main/java/com/fluxfhir/opt/v2/infrastructure/bigquery/schema/FamilyMemberHistorySchema.java
FamilyMemberHistory,15,identifier_0_use,STRING,NULLABLE,src/main/java/com/fluxfhir/opt/v2/infrastructure/bigquery/schema/FamilyMemberHistorySchema.java
FamilyMemberHistory,16,identifier_0_type_coding_0_system,STRING,NULLABLE,src/main/java/com/fluxfhir/opt/v2/infrastructure/bigquery/schema/FamilyMemberHistorySchema.java
FamilyMemberHistory,17,identifier_0_type_coding_0_code,STRING,NULLABLE,src/main/java/com/fluxfhir/opt/v2/infrastructure/bigquery/schema/FamilyMemberHistorySchema.java
FamilyMemberHistory,18,identifier_0_type_coding_0_display,STRING,NULLABLE,src/main/java/com/fluxfhir/opt/v2/infrastructure/bigquery/schema/FamilyMemberHistorySchema.java
FamilyMemberHistory,19,identifier_0_system,STRING,NULLABLE,src/main/java/com/fluxfhir/opt/v2/infrastructure/bigquery/schema/FamilyMemberHistorySchema.java
FamilyMemberHistory,20,identifier_0_value,STRING,NULLABLE,src/main/java/com/fluxfhir/opt/v2/infrastructure/bigquery/schema/FamilyMemberHistorySchema.java
FamilyMemberHistory,21,identifier_0_period_start,TIMESTAMP,NULLABLE,src/main/java/com/fluxfhir/opt/v2/infrastructure/bigquery/schema/FamilyMemberHistorySchema.java
FamilyMemberHistory,22,identifier_0_period_end,TIMESTAMP,NULLABLE,src/main/java/com/fluxfhir/opt/v2/infrastructure/bigquery/schema/FamilyMemberHistorySchema.java
FamilyMemberHistory,23,identifier_0_assigner_display,STRING,NULLABLE,src/main/java/com/fluxfhir/opt/v2/infrastructure/bigquery/schema/FamilyMemberHistorySchema.java
FamilyMemberHistory,24,instantiatesCanonical_0,STRING,NULLABLE,src/main/java/com/fluxfhir/opt/v2/infrastructure/bigquery/schema/FamilyMemberHistorySchema.java
FamilyMemberHistory,25,instantiatesUri_0,STRING,NULLABLE,src/main/java/com/fluxfhir/opt/v2/infrastructure/bigquery/schema/FamilyMemberHistorySchema.java
FamilyMemberHistory,26,status,STRING,NULLABLE,src/main/java/com/fluxfhir/opt/v2/infrastructure/bigquery/schema/FamilyMemberHistorySchema.java
FamilyMemberHistory,27,dataAbsentReason_coding_0_system,STRING,NULLABLE,src/main/java/com/fluxfhir/opt/v2/infrastructure/bigquery/schema/FamilyMemberHistorySchema.java
FamilyMemberHistory,28,dataAbsentReason_coding_0_code,STRING,NULLABLE,src/main/java/com/fluxfhir/opt/v2/infrastructure/bigquery/schema/FamilyMemberHistorySchema.java
FamilyMemberHistory,29,dataAbsentReason_coding_0_display,STRING,NULLABLE,src/main/java/com/fluxfhir/opt/v2/infrastructure/bigquery/schema/FamilyMemberHistorySchema.java
FamilyMemberHistory,30,dataAbsentReason_text,STRING,NULLABLE,src/main/java/com/fluxfhir/opt/v2/infrastructure/bigquery/schema/FamilyMemberHistorySchema.java
FamilyMemberHistory,31,patient_reference,STRING,NULLABLE,src/main/java/com/fluxfhir/opt/v2/infrastructure/bigquery/schema/FamilyMemberHistorySchema.java
FamilyMemberHistory,32,patient_display,STRING,NULLABLE,src/main/java/com/fluxfhir/opt/v2/infrastructure/bigquery/schema/FamilyMemberHistorySchema.java
FamilyMemberHistory,33,date,TIMESTAMP,NULLABLE,src/main/java/com/fluxfhir/opt/v2/infrastructure/bigquery/schema/FamilyMemberHistorySchema.java
FamilyMemberHistory,34,name,STRING,NULLABLE,src/main/java/com/fluxfhir/opt/v2/infrastructure/bigquery/schema/FamilyMemberHistorySchema.java
FamilyMemberHistory,35,relationship_coding_0_system,STRING,NULLABLE,src/main/java/com/fluxfhir/opt/v2/infrastructure/bigquery/schema/FamilyMemberHistorySchema.java
FamilyMemberHistory,36,relationship_coding_0_code,STRING,NULLABLE,src/main/java/com/fluxfhir/opt/v2/infrastructure/bigquery/schema/FamilyMemberHistorySchema.java
FamilyMemberHistory,37,relationship_coding_0_display,STRING,NULLABLE,src/main/java/com/fluxfhir/opt/v2/infrastructure/bigquery/schema/FamilyMemberHistorySchema.java
FamilyMemberHistory,38,relationship_text,STRING,NULLABLE,src/main/java/com/fluxfhir/opt/v2/infrastructure/bigquery/schema/FamilyMemberHistorySchema.java
FamilyMemberHistory,39,sex_coding_0_system,STRING,NULLABLE,src/main/java/com/fluxfhir/opt/v2/infrastructure/bigquery/schema/FamilyMemberHistorySchema.java
FamilyMemberHistory,40,sex_coding_0_code,STRING,NULLABLE,src/main/java/com/fluxfhir/opt/v2/infrastructure/bigquery/schema/FamilyMemberHistorySchema.java
FamilyMemberHistory,41,sex_coding_0_display,STRING,NULLABLE,src/main/java/com/fluxfhir/opt/v2/infrastructure/bigquery/schema/FamilyMemberHistorySchema.java
FamilyMemberHistory,42,sex_text,STRING,NULLABLE,src/main/java/com/fluxfhir/opt/v2/infrastructure/bigquery/schema/FamilyMemberHistorySchema.java
FamilyMemberHistory,43,born_valueDateTime,DATE,NULLABLE,src/main/java/com/fluxfhir/opt/v2/infrastructure/bigquery/schema/FamilyMemberHistorySchema.java
FamilyMemberHistory,44,born_valuePeriod_start,DATE,NULLABLE,src/main/java/com/fluxfhir/opt/v2/infrastructure/bigquery/schema/FamilyMemberHistorySchema.java
FamilyMemberHistory,45,born_valuePeriod_end,DATE,NULLABLE,src/main/java/com/fluxfhir/opt/v2/infrastructure/bigquery/schema/FamilyMemberHistorySchema.java
FamilyMemberHistory,46,born_valueString,STRING,NULLABLE,src/main/java/com/fluxfhir/opt/v2/infrastructure/bigquery/schema/FamilyMemberHistorySchema.java
FamilyMemberHistory,47,age_valueAge_unit,STRING,NULLABLE,src/main/java/com/fluxfhir/opt/v2/infrastructure/bigquery/schema/FamilyMemberHistorySchema.java
FamilyMemberHistory,48,age_valueAge_system,STRING,NULLABLE,src/main/java/com/fluxfhir/opt/v2/infrastructure/bigquery/schema/FamilyMemberHistorySchema.java
FamilyMemberHistory,49,age_valueAge_code,STRING,NULLABLE,src/main/java/com/fluxfhir/opt/v2/infrastructure/bigquery/schema/FamilyMemberHistorySchema.java
FamilyMemberHistory,50,age_valueRange_low_unit,STRING,NULLABLE,src/main/java/com/fluxfhir/opt/v2/infrastructure/bigquery/schema/FamilyMemberHistorySchema.java
FamilyMemberHistory,51,age_valueRange_high_unit,STRING,NULLABLE,src/main/java/com/fluxfhir/opt/v2/infrastructure/bigquery/schema/FamilyMemberHistorySchema.java
FamilyMemberHistory,52,age_valueString,STRING,NULLABLE,src/main/java/com/fluxfhir/opt/v2/infrastructure/bigquery/schema/FamilyMemberHistorySchema.java
FamilyMemberHistory,53,estimatedAge,BOOL,NULLABLE,src/main/java/com/fluxfhir/opt/v2/infrastructure/bigquery/schema/FamilyMemberHistorySchema.java
FamilyMemberHistory,54,deceased_valueBoolean,BOOL,NULLABLE,src/main/java/com/fluxfhir/opt/v2/infrastructure/bigquery/schema/FamilyMemberHistorySchema.java
FamilyMemberHistory,55,deceased_valueDateTime,DATE,NULLABLE,src/main/java/com/fluxfhir/opt/v2/infrastructure/bigquery/schema/FamilyMemberHistorySchema.java
FamilyMemberHistory,56,deceased_valueAge_unit,STRING,NULLABLE,src/main/java/com/fluxfhir/opt/v2/infrastructure/bigquery/schema/FamilyMemberHistorySchema.java
FamilyMemberHistory,57,deceased_valueRange_low_unit,STRING,NULLABLE,src/main/java/com/fluxfhir/opt/v2/infrastructure/bigquery/schema/FamilyMemberHistorySchema.java
FamilyMemberHistory,58,deceased_valueRange_high_unit,STRING,NULLABLE,src/main/java/com/fluxfhir/opt/v2/infrastructure/bigquery/schema/FamilyMemberHistorySchema.java
FamilyMemberHistory,59,deceased_valueString,STRING,NULLABLE,src/main/java/com/fluxfhir/opt/v2/infrastructure/bigquery/schema/FamilyMemberHistorySchema.java
FamilyMemberHistory,60,reasonCode_0_coding_0_system,STRING,NULLABLE,src/main/java/com/fluxfhir/opt/v2/infrastructure/bigquery/schema/FamilyMemberHistorySchema.java
FamilyMemberHistory,61,reasonCode_0_coding_0_code,STRING,NULLABLE,src/main/java/com/fluxfhir/opt/v2/infrastructure/bigquery/schema/FamilyMemberHistorySchema.java
FamilyMemberHistory,62,reasonCode_0_coding_0_display,STRING,NULLABLE,src/main/java/com/fluxfhir/opt/v2/infrastructure/bigquery/schema/FamilyMemberHistorySchema.java
FamilyMemberHistory,63,reasonCode_0_text,STRING,NULLABLE,src/main/java/com/fluxfhir/opt/v2/infrastructure/bigquery/schema/FamilyMemberHistorySchema.java
FamilyMemberHistory,64,reasonReference_0_reference,STRING,NULLABLE,src/main/java/com/fluxfhir/opt/v2/infrastructure/bigquery/schema/FamilyMemberHistorySchema.java
FamilyMemberHistory,65,reasonReference_0_display,STRING,NULLABLE,src/main/java/com/fluxfhir/opt/v2/infrastructure/bigquery/schema/FamilyMemberHistorySchema.java
FamilyMemberHistory,66,participant_0_type_coding_0_system,STRING,NULLABLE,src/main/java/com/fluxfhir/opt/v2/infrastructure/bigquery/schema/FamilyMemberHistorySchema.java
FamilyMemberHistory,67,participant_0_type_coding_0_code,STRING,NULLABLE,src/main/java/com/fluxfhir/opt/v2/infrastructure/bigquery/schema/FamilyMemberHistorySchema.java
FamilyMemberHistory,68,participant_0_type_coding_0_display,STRING,NULLABLE,src/main/java/com/fluxfhir/opt/v2/infrastructure/bigquery/schema/FamilyMemberHistorySchema.java
FamilyMemberHistory,69,participant_0_actor_reference,STRING,NULLABLE,src/main/java/com/fluxfhir/opt/v2/infrastructure/bigquery/schema/FamilyMemberHistorySchema.java
FamilyMemberHistory,70,participant_0_actor_display,STRING,NULLABLE,src/main/java/com/fluxfhir/opt/v2/infrastructure/bigquery/schema/FamilyMemberHistorySchema.java
FamilyMemberHistory,71,encounter_reference,STRING,NULLABLE,src/main/java/com/fluxfhir/opt/v2/infrastructure/bigquery/schema/FamilyMemberHistorySchema.java
FamilyMemberHistory,72,encounter_display,STRING,NULLABLE,src/main/java/com/fluxfhir/opt/v2/infrastructure/bigquery/schema/FamilyMemberHistorySchema.java
FamilyMemberHistory,73,condition_0_code_coding_0_system,STRING,NULLABLE,src/main/java/com/fluxfhir/opt/v2/infrastructure/bigquery/schema/FamilyMemberHistorySchema.java
FamilyMemberHistory,74,condition_0_code_coding_0_code,STRING,NULLABLE,src/main/java/com/fluxfhir/opt/v2/infrastructure/bigquery/schema/FamilyMemberHistorySchema.java
FamilyMemberHistory,75,condition_0_code_coding_0_display,STRING,NULLABLE,src/main/java/com/fluxfhir/opt/v2/infrastructure/bigquery/schema/FamilyMemberHistorySchema.java
FamilyMemberHistory,76,condition_0_code_text,STRING,NULLABLE,src/main/java/com/fluxfhir/opt/v2/infrastructure/bigquery/schema/FamilyMemberHistorySchema.java
FamilyMemberHistory,77,condition_0_outcome_coding_0_system,STRING,NULLABLE,src/main/java/com/fluxfhir/opt/v2/infrastructure/bigquery/schema/FamilyMemberHistorySchema.java
FamilyMemberHistory,78,condition_0_outcome_coding_0_code,STRING,NULLABLE,src/main/java/com/fluxfhir/opt/v2/infrastructure/bigquery/schema/FamilyMemberHistorySchema.java
FamilyMemberHistory,79,condition_0_outcome_coding_0_display,STRING,NULLABLE,src/main/java/com/fluxfhir/opt/v2/infrastructure/bigquery/schema/FamilyMemberHistorySchema.java
FamilyMemberHistory,80,condition_0_outcome_text,STRING,NULLABLE,src/main/java/com/fluxfhir/opt/v2/infrastructure/bigquery/schema/FamilyMemberHistorySchema.java
FamilyMemberHistory,81,condition_0_contributedToDeath,BOOL,NULLABLE,src/main/java/com/fluxfhir/opt/v2/infrastructure/bigquery/schema/FamilyMemberHistorySchema.java
FamilyMemberHistory,82,condition_0_onsetAge_unit,STRING,NULLABLE,src/main/java/com/fluxfhir/opt/v2/infrastructure/bigquery/schema/FamilyMemberHistorySchema.java
FamilyMemberHistory,83,condition_0_onsetAge_system,STRING,NULLABLE,src/main/java/com/fluxfhir/opt/v2/infrastructure/bigquery/schema/FamilyMemberHistorySchema.java
FamilyMemberHistory,84,condition_0_onsetAge_code,STRING,NULLABLE,src/main/java/com/fluxfhir/opt/v2/infrastructure/bigquery/schema/FamilyMemberHistorySchema.java
FamilyMemberHistory,85,condition_0_onsetString,STRING,NULLABLE,src/main/java/com/fluxfhir/opt/v2/infrastructure/bigquery/schema/FamilyMemberHistorySchema.java
FamilyMemberHistory,86,condition_0_note_0_text,STRING,NULLABLE,src/main/java/com/fluxfhir/opt/v2/infrastructure/bigquery/schema/FamilyMemberHistorySchema.java
FamilyMemberHistory,87,note_0_text,STRING,NULLABLE,src/main/java/com/fluxfhir/opt/v2/infrastructure/bigquery/schema/FamilyMemberHistorySchema.java
FamilyMemberHistory,88,procedure_0_code_coding_0_system,STRING,NULLABLE,src/main/java/com/fluxfhir/opt/v2/infrastructure/bigquery/schema/FamilyMemberHistorySchema.java
FamilyMemberHistory,89,procedure_0_code_coding_0_code,STRING,NULLABLE,src/main/java/com/fluxfhir/opt/v2/infrastructure/bigquery/schema/FamilyMemberHistorySchema.java
FamilyMemberHistory,90,procedure_0_code_coding_0_display,STRING,NULLABLE,src/main/java/com/fluxfhir/opt/v2/infrastructure/bigquery/schema/FamilyMemberHistorySchema.java
FamilyMemberHistory,91,procedure_0_code_text,STRING,NULLABLE,src/main/java/com/fluxfhir/opt/v2/infrastructure/bigquery/schema/FamilyMemberHistorySchema.java
FamilyMemberHistory,92,procedure_0_outcome_coding_0_system,STRING,NULLABLE,src/main/java/com/fluxfhir/opt/v2/infrastructure/bigquery/schema/FamilyMemberHistorySchema.java
FamilyMemberHistory,93,procedure_0_outcome_coding_0_code,STRING,NULLABLE,src/main/java/com/fluxfhir/opt/v2/infrastructure/bigquery/schema/FamilyMemberHistorySchema.java
FamilyMemberHistory,94,procedure_0_outcome_coding_0_display,STRING,NULLABLE,src/main/java/com/fluxfhir/opt/v2/infrastructure/bigquery/schema/FamilyMemberHistorySchema.java
FamilyMemberHistory,95,procedure_0_outcome_text,STRING,NULLABLE,src/main/java/com/fluxfhir/opt/v2/infrastructure/bigquery/schema/FamilyMemberHistorySchema.java
FamilyMemberHistory,96,procedure_0_performedDateTime,TIMESTAMP,NULLABLE,src/main/java/com/fluxfhir/opt/v2/infrastructure/bigquery/schema/FamilyMemberHistorySchema.java
FamilyMemberHistory,97,procedure_0_performedPeriod_start,TIMESTAMP,NULLABLE,src/main/java/com/fluxfhir/opt/v2/infrastructure/bigquery/schema/FamilyMemberHistorySchema.java
FamilyMemberHistory,98,procedure_0_performedPeriod_end,TIMESTAMP,NULLABLE,src/main/java/com/fluxfhir/opt/v2/infrastructure/bigquery/schema/FamilyMemberHistorySchema.java
FamilyMemberHistory,99,procedure_0_note_0_text,STRING,NULLABLE,src/main/java/com/fluxfhir/opt/v2/infrastructure/bigquery/schema/FamilyMemberHistorySchema.java
FamilyMemberHistory,100,createdAt,TIMESTAMP,NULLABLE,src/main/java/com/fluxfhir/opt/v2/infrastructure/bigquery/schema/FamilyMemberHistorySchema.java
FamilyMemberHistory,101,updatedAt,TIMESTAMP,NULLABLE,src/main/java/com/fluxfhir/opt/v2/infrastructure/bigquery/schema/FamilyMemberHistorySchema.java
FamilyMemberHistory,102,isDeleted,BOOL,NULLABLE,src/main/java/com/fluxfhir/opt/v2/infrastructure/bigquery/schema/FamilyMemberHistorySchema.java
MedicationAdministration,1,id,STRING,NULLABLE,src/main/java/com/fluxfhir/opt/v2/infrastructure/bigquery/schema/MedicationAdministrationSchema.java
MedicationAdministration,2,resourceType,STRING,NULLABLE,src/main/java/com/fluxfhir/opt/v2/infrastructure/bigquery/schema/MedicationAdministrationSchema.java
MedicationAdministration,3,meta_versionId,STRING,NULLABLE,src/main/java/com/fluxfhir/opt/v2/infrastructure/bigquery/schema/MedicationAdministrationSchema.java
MedicationAdministration,4,meta_lastUpdated,TIMESTAMP,NULLABLE,src/main/java/com/fluxfhir/opt/v2/infrastructure/bigquery/schema/MedicationAdministrationSchema.java
MedicationAdministration,5,meta_profile_0,STRING,NULLABLE,src/main/java/com/fluxfhir/opt/v2/infrastructure/bigquery/schema/MedicationAdministrationSchema.java
MedicationAdministration,6,status,STRING,NULLABLE,src/main/java/com/fluxfhir/opt/v2/infrastructure/bigquery/schema/MedicationAdministrationSchema.java
MedicationAdministration,7,statusReason_0_coding_0_system,STRING,NULLABLE,src/main/java/com/fluxfhir/opt/v2/infrastructure/bigquery/schema/MedicationAdministrationSchema.java
MedicationAdministration,8,statusReason_0_coding_0_code,STRING,NULLABLE,src/main/java/com/fluxfhir/opt/v2/infrastructure/bigquery/schema/MedicationAdministrationSchema.java
MedicationAdministration,9,statusReason_0_coding_0_display,STRING,NULLABLE,src/main/java/com/fluxfhir/opt/v2/infrastructure/bigquery/schema/MedicationAdministrationSchema.java
MedicationAdministration,10,statusReason_0_text,STRING,NULLABLE,src/main/java/com/fluxfhir/opt/v2/infrastructure/bigquery/schema/MedicationAdministrationSchema.java
MedicationAdministration,11,category_0_coding_0_system,STRING,NULLABLE,src/main/java/com/fluxfhir/opt/v2/infrastructure/bigquery/schema/MedicationAdministrationSchema.java
MedicationAdministration,12,category_0_coding_0_code,STRING,NULLABLE,src/main/java/com/fluxfhir/opt/v2/infrastructure/bigquery/schema/MedicationAdministrationSchema.java
MedicationAdministration,13,category_0_coding_0_display,STRING,NULLABLE,src/main/java/com/fluxfhir/opt/v2/infrastructure/bigquery/schema/MedicationAdministrationSchema.java
MedicationAdministration,14,category_0_text,STRING,NULLABLE,src/main/java/com/fluxfhir/opt/v2/infrastructure/bigquery/schema/MedicationAdministrationSchema.java
MedicationAdministration,15,medication_concept_coding_0_system,STRING,NULLABLE,src/main/java/com/fluxfhir/opt/v2/infrastructure/bigquery/schema/MedicationAdministrationSchema.java
MedicationAdministration,16,medication_concept_coding_0_code,STRING,NULLABLE,src/main/java/com/fluxfhir/opt/v2/infrastructure/bigquery/schema/MedicationAdministrationSchema.java
MedicationAdministration,17,medication_concept_coding_0_display,STRING,NULLABLE,src/main/java/com/fluxfhir/opt/v2/infrastructure/bigquery/schema/MedicationAdministrationSchema.java
MedicationAdministration,18,medication_concept_text,STRING,NULLABLE,src/main/java/com/fluxfhir/opt/v2/infrastructure/bigquery/schema/MedicationAdministrationSchema.java
MedicationAdministration,19,medication_reference_reference,STRING,NULLABLE,src/main/java/com/fluxfhir/opt/v2/infrastructure/bigquery/schema/MedicationAdministrationSchema.java
MedicationAdministration,20,medication_reference_display,STRING,NULLABLE,src/main/java/com/fluxfhir/opt/v2/infrastructure/bigquery/schema/MedicationAdministrationSchema.java
MedicationAdministration,21,subject_reference,STRING,NULLABLE,src/main/java/com/fluxfhir/opt/v2/infrastructure/bigquery/schema/MedicationAdministrationSchema.java
MedicationAdministration,22,subject_display,STRING,NULLABLE,src/main/java/com/fluxfhir/opt/v2/infrastructure/bigquery/schema/MedicationAdministrationSchema.java
MedicationAdministration,23,encounter_reference,STRING,NULLABLE,src/main/java/com/fluxfhir/opt/v2/infrastructure/bigquery/schema/MedicationAdministrationSchema.java
MedicationAdministration,24,encounter_display,STRING,NULLABLE,src/main/java/com/fluxfhir/opt/v2/infrastructure/bigquery/schema/MedicationAdministrationSchema.java
MedicationAdministration,25,occurenceDateTime,TIMESTAMP,NULLABLE,src/main/java/com/fluxfhir/opt/v2/infrastructure/bigquery/schema/MedicationAdministrationSchema.java
MedicationAdministration,26,occurencePeriod_start,TIMESTAMP,NULLABLE,src/main/java/com/fluxfhir/opt/v2/infrastructure/bigquery/schema/MedicationAdministrationSchema.java
MedicationAdministration,27,occurencePeriod_end,TIMESTAMP,NULLABLE,src/main/java/com/fluxfhir/opt/v2/infrastructure/bigquery/schema/MedicationAdministrationSchema.java
MedicationAdministration,28,occurenceTiming_event_0,TIMESTAMP,NULLABLE,src/main/java/com/fluxfhir/opt/v2/infrastructure/bigquery/schema/MedicationAdministrationSchema.java
MedicationAdministration,29,occurenceString,STRING,NULLABLE,src/main/java/com/fluxfhir/opt/v2/infrastructure/bigquery/schema/MedicationAdministrationSchema.java
MedicationAdministration,30,request_reference,STRING,NULLABLE,src/main/java/com/fluxfhir/opt/v2/infrastructure/bigquery/schema/MedicationAdministrationSchema.java
MedicationAdministration,31,request_display,STRING,NULLABLE,src/main/java/com/fluxfhir/opt/v2/infrastructure/bigquery/schema/MedicationAdministrationSchema.java
MedicationAdministration,32,reason_0_concept_coding_0_system,STRING,NULLABLE,src/main/java/com/fluxfhir/opt/v2/infrastructure/bigquery/schema/MedicationAdministrationSchema.java
MedicationAdministration,33,reason_0_concept_coding_0_code,STRING,NULLABLE,src/main/java/com/fluxfhir/opt/v2/infrastructure/bigquery/schema/MedicationAdministrationSchema.java
MedicationAdministration,34,reason_0_concept_coding_0_display,STRING,NULLABLE,src/main/java/com/fluxfhir/opt/v2/infrastructure/bigquery/schema/MedicationAdministrationSchema.java
MedicationAdministration,35,reason_0_concept_text,STRING,NULLABLE,src/main/java/com/fluxfhir/opt/v2/infrastructure/bigquery/schema/MedicationAdministrationSchema.java
MedicationAdministration,36,reason_0_reference_reference,STRING,NULLABLE,src/main/java/com/fluxfhir/opt/v2/infrastructure/bigquery/schema/MedicationAdministrationSchema.java
MedicationAdministration,37,reason_0_reference_display,STRING,NULLABLE,src/main/java/com/fluxfhir/opt/v2/infrastructure/bigquery/schema/MedicationAdministrationSchema.java
MedicationAdministration,38,supportingInformation_0_reference,STRING,NULLABLE,src/main/java/com/fluxfhir/opt/v2/infrastructure/bigquery/schema/MedicationAdministrationSchema.java
MedicationAdministration,39,supportingInformation_0_display,STRING,NULLABLE,src/main/java/com/fluxfhir/opt/v2/infrastructure/bigquery/schema/MedicationAdministrationSchema.java
MedicationAdministration,40,performer_0_function_coding_0_system,STRING,NULLABLE,src/main/java/com/fluxfhir/opt/v2/infrastructure/bigquery/schema/MedicationAdministrationSchema.java
MedicationAdministration,41,performer_0_function_coding_0_code,STRING,NULLABLE,src/main/java/com/fluxfhir/opt/v2/infrastructure/bigquery/schema/MedicationAdministrationSchema.java
MedicationAdministration,42,performer_0_function_coding_0_display,STRING,NULLABLE,src/main/java/com/fluxfhir/opt/v2/infrastructure/bigquery/schema/MedicationAdministrationSchema.java
MedicationAdministration,43,performer_0_actor_reference,STRING,NULLABLE,src/main/java/com/fluxfhir/opt/v2/infrastructure/bigquery/schema/MedicationAdministrationSchema.java
MedicationAdministration,44,performer_0_actor_display,STRING,NULLABLE,src/main/java/com/fluxfhir/opt/v2/infrastructure/bigquery/schema/MedicationAdministrationSchema.java
MedicationAdministration,45,performer_0_onBehalfOf_reference,STRING,NULLABLE,src/main/java/com/fluxfhir/opt/v2/infrastructure/bigquery/schema/MedicationAdministrationSchema.java
MedicationAdministration,46,performer_0_onBehalfOf_display,STRING,NULLABLE,src/main/java/com/fluxfhir/opt/v2/infrastructure/bigquery/schema/MedicationAdministrationSchema.java
MedicationAdministration,47,dosage_site_coding_0_system,STRING,NULLABLE,src/main/java/com/fluxfhir/opt/v2/infrastructure/bigquery/schema/MedicationAdministrationSchema.java
MedicationAdministration,48,dosage_site_coding_0_code,STRING,NULLABLE,src/main/java/com/fluxfhir/opt/v2/infrastructure/bigquery/schema/MedicationAdministrationSchema.java
MedicationAdministration,49,dosage_site_coding_0_display,STRING,NULLABLE,src/main/java/com/fluxfhir/opt/v2/infrastructure/bigquery/schema/MedicationAdministrationSchema.java
MedicationAdministration,50,dosage_site_text,STRING,NULLABLE,src/main/java/com/fluxfhir/opt/v2/infrastructure/bigquery/schema/MedicationAdministrationSchema.java
MedicationAdministration,51,dosage_route_coding_0_system,STRING,NULLABLE,src/main/java/com/fluxfhir/opt/v2/infrastructure/bigquery/schema/MedicationAdministrationSchema.java
MedicationAdministration,52,dosage_route_coding_0_code,STRING,NULLABLE,src/main/java/com/fluxfhir/opt/v2/infrastructure/bigquery/schema/MedicationAdministrationSchema.java
MedicationAdministration,53,dosage_route_coding_0_display,STRING,NULLABLE,src/main/java/com/fluxfhir/opt/v2/infrastructure/bigquery/schema/MedicationAdministrationSchema.java
MedicationAdministration,54,dosage_route_text,STRING,NULLABLE,src/main/java/com/fluxfhir/opt/v2/infrastructure/bigquery/schema/MedicationAdministrationSchema.java
MedicationAdministration,55,dosage_method_coding_0_system,STRING,NULLABLE,src/main/java/com/fluxfhir/opt/v2/infrastructure/bigquery/schema/MedicationAdministrationSchema.java
MedicationAdministration,56,dosage_method_coding_0_code,STRING,NULLABLE,src/main/java/com/fluxfhir/opt/v2/infrastructure/bigquery/schema/MedicationAdministrationSchema.java
MedicationAdministration,57,dosage_method_coding_0_display,STRING,NULLABLE,src/main/java/com/fluxfhir/opt/v2/infrastructure/bigquery/schema/MedicationAdministrationSchema.java
MedicationAdministration,58,dosage_method_text,STRING,NULLABLE,src/main/java/com/fluxfhir/opt/v2/infrastructure/bigquery/schema/MedicationAdministrationSchema.java
MedicationAdministration,59,dosage_dose_unit,STRING,NULLABLE,src/main/java/com/fluxfhir/opt/v2/infrastructure/bigquery/schema/MedicationAdministrationSchema.java
MedicationAdministration,60,dosage_dose_system,STRING,NULLABLE,src/main/java/com/fluxfhir/opt/v2/infrastructure/bigquery/schema/MedicationAdministrationSchema.java
MedicationAdministration,61,dosage_dose_code,STRING,NULLABLE,src/main/java/com/fluxfhir/opt/v2/infrastructure/bigquery/schema/MedicationAdministrationSchema.java
MedicationAdministration,62,dosage_rateRatio_numerator_comparator,STRING,NULLABLE,src/main/java/com/fluxfhir/opt/v2/infrastructure/bigquery/schema/MedicationAdministrationSchema.java
MedicationAdministration,63,dosage_rateRatio_numerator_unit,STRING,NULLABLE,src/main/java/com/fluxfhir/opt/v2/infrastructure/bigquery/schema/MedicationAdministrationSchema.java
MedicationAdministration,64,dosage_rateRatio_numerator_system,STRING,NULLABLE,src/main/java/com/fluxfhir/opt/v2/infrastructure/bigquery/schema/MedicationAdministrationSchema.java
MedicationAdministration,65,dosage_rateRatio_numerator_code,STRING,NULLABLE,src/main/java/com/fluxfhir/opt/v2/infrastructure/bigquery/schema/MedicationAdministrationSchema.java
MedicationAdministration,66,dosage_rateRatio_denominator_comparator,STRING,NULLABLE,src/main/java/com/fluxfhir/opt/v2/infrastructure/bigquery/schema/MedicationAdministrationSchema.java
MedicationAdministration,67,dosage_rateRatio_denominator_unit,STRING,NULLABLE,src/main/java/com/fluxfhir/opt/v2/infrastructure/bigquery/schema/MedicationAdministrationSchema.java
MedicationAdministration,68,dosage_rateRatio_denominator_system,STRING,NULLABLE,src/main/java/com/fluxfhir/opt/v2/infrastructure/bigquery/schema/MedicationAdministrationSchema.java
MedicationAdministration,69,dosage_rateRatio_denominator_code,STRING,NULLABLE,src/main/java/com/fluxfhir/opt/v2/infrastructure/bigquery/schema/MedicationAdministrationSchema.java
MedicationAdministration,70,dosage_rateQuantity_unit,STRING,NULLABLE,src/main/java/com/fluxfhir/opt/v2/infrastructure/bigquery/schema/MedicationAdministrationSchema.java
MedicationAdministration,71,dosage_rateQuantity_system,STRING,NULLABLE,src/main/java/com/fluxfhir/opt/v2/infrastructure/bigquery/schema/MedicationAdministrationSchema.java
MedicationAdministration,72,dosage_rateQuantity_code,STRING,NULLABLE,src/main/java/com/fluxfhir/opt/v2/infrastructure/bigquery/schema/MedicationAdministrationSchema.java
MedicationAdministration,73,device_0_concept_coding_0_system,STRING,NULLABLE,src/main/java/com/fluxfhir/opt/v2/infrastructure/bigquery/schema/MedicationAdministrationSchema.java
MedicationAdministration,74,device_0_concept_coding_0_code,STRING,NULLABLE,src/main/java/com/fluxfhir/opt/v2/infrastructure/bigquery/schema/MedicationAdministrationSchema.java
MedicationAdministration,75,device_0_concept_coding_0_display,STRING,NULLABLE,src/main/java/com/fluxfhir/opt/v2/infrastructure/bigquery/schema/MedicationAdministrationSchema.java
MedicationAdministration,76,device_0_concept_text,STRING,NULLABLE,src/main/java/com/fluxfhir/opt/v2/infrastructure/bigquery/schema/MedicationAdministrationSchema.java
MedicationAdministration,77,device_0_reference_reference,STRING,NULLABLE,src/main/java/com/fluxfhir/opt/v2/infrastructure/bigquery/schema/MedicationAdministrationSchema.java
MedicationAdministration,78,device_0_reference_display,STRING,NULLABLE,src/main/java/com/fluxfhir/opt/v2/infrastructure/bigquery/schema/MedicationAdministrationSchema.java
MedicationAdministration,79,note_0_authorReference_reference,STRING,NULLABLE,src/main/java/com/fluxfhir/opt/v2/infrastructure/bigquery/schema/MedicationAdministrationSchema.java
MedicationAdministration,80,note_0_authorReference_display,STRING,NULLABLE,src/main/java/com/fluxfhir/opt/v2/infrastructure/bigquery/schema/MedicationAdministrationSchema.java
MedicationAdministration,81,note_0_time,TIMESTAMP,NULLABLE,src/main/java/com/fluxfhir/opt/v2/infrastructure/bigquery/schema/MedicationAdministrationSchema.java
MedicationAdministration,82,note_0_text,STRING,NULLABLE,src/main/java/com/fluxfhir/opt/v2/infrastructure/bigquery/schema/MedicationAdministrationSchema.java
MedicationAdministration,83,createdAt,TIMESTAMP,NULLABLE,src/main/java/com/fluxfhir/opt/v2/infrastructure/bigquery/schema/MedicationAdministrationSchema.java
MedicationAdministration,84,updatedAt,TIMESTAMP,NULLABLE,src/main/java/com/fluxfhir/opt/v2/infrastructure/bigquery/schema/MedicationAdministrationSchema.java
MedicationAdministration,85,isDeleted,BOOL,NULLABLE,src/main/java/com/fluxfhir/opt/v2/infrastructure/bigquery/schema/MedicationAdministrationSchema.java
MedicationRequest,1,id,STRING,NULLABLE,src/main/java/com/fluxfhir/opt/v2/infrastructure/bigquery/schema/MedicationRequestSchema.java
MedicationRequest,2,resourceType,STRING,NULLABLE,src/main/java/com/fluxfhir/opt/v2/infrastructure/bigquery/schema/MedicationRequestSchema.java
MedicationRequest,3,meta_profile_0,STRING,NULLABLE,src/main/java/com/fluxfhir/opt/v2/infrastructure/bigquery/schema/MedicationRequestSchema.java
MedicationRequest,4,status,STRING,NULLABLE,src/main/java/com/fluxfhir/opt/v2/infrastructure/bigquery/schema/MedicationRequestSchema.java
MedicationRequest,5,statusChanged,TIMESTAMP,NULLABLE,src/main/java/com/fluxfhir/opt/v2/infrastructure/bigquery/schema/MedicationRequestSchema.java
MedicationRequest,6,statusReason_coding_0_system,STRING,NULLABLE,src/main/java/com/fluxfhir/opt/v2/infrastructure/bigquery/schema/MedicationRequestSchema.java
MedicationRequest,7,statusReason_coding_0_code,STRING,NULLABLE,src/main/java/com/fluxfhir/opt/v2/infrastructure/bigquery/schema/MedicationRequestSchema.java
MedicationRequest,8,statusReason_coding_0_display,STRING,NULLABLE,src/main/java/com/fluxfhir/opt/v2/infrastructure/bigquery/schema/MedicationRequestSchema.java
MedicationRequest,9,statusReason_text,STRING,NULLABLE,src/main/java/com/fluxfhir/opt/v2/infrastructure/bigquery/schema/MedicationRequestSchema.java
MedicationRequest,10,intent,STRING,NULLABLE,src/main/java/com/fluxfhir/opt/v2/infrastructure/bigquery/schema/MedicationRequestSchema.java
MedicationRequest,11,category_0_coding_0_system,STRING,NULLABLE,src/main/java/com/fluxfhir/opt/v2/infrastructure/bigquery/schema/MedicationRequestSchema.java
MedicationRequest,12,category_0_coding_0_code,STRING,NULLABLE,src/main/java/com/fluxfhir/opt/v2/infrastructure/bigquery/schema/MedicationRequestSchema.java
MedicationRequest,13,category_0_coding_0_display,STRING,NULLABLE,src/main/java/com/fluxfhir/opt/v2/infrastructure/bigquery/schema/MedicationRequestSchema.java
MedicationRequest,14,category_0_text,STRING,NULLABLE,src/main/java/com/fluxfhir/opt/v2/infrastructure/bigquery/schema/MedicationRequestSchema.java
MedicationRequest,15,priority,STRING,NULLABLE,src/main/java/com/fluxfhir/opt/v2/infrastructure/bigquery/schema/MedicationRequestSchema.java
MedicationRequest,16,doNotPerform,BOOL,NULLABLE,src/main/java/com/fluxfhir/opt/v2/infrastructure/bigquery/schema/MedicationRequestSchema.java
MedicationRequest,17,medication_concept_coding_0_system,STRING,NULLABLE,src/main/java/com/fluxfhir/opt/v2/infrastructure/bigquery/schema/MedicationRequestSchema.java
MedicationRequest,18,medication_concept_coding_0_code,STRING,NULLABLE,src/main/java/com/fluxfhir/opt/v2/infrastructure/bigquery/schema/MedicationRequestSchema.java
MedicationRequest,19,medication_concept_coding_0_display,STRING,NULLABLE,src/main/java/com/fluxfhir/opt/v2/infrastructure/bigquery/schema/MedicationRequestSchema.java
MedicationRequest,20,medication_concept_text,STRING,NULLABLE,src/main/java/com/fluxfhir/opt/v2/infrastructure/bigquery/schema/MedicationRequestSchema.java
MedicationRequest,21,subject_reference,STRING,NULLABLE,src/main/java/com/fluxfhir/opt/v2/infrastructure/bigquery/schema/MedicationRequestSchema.java
MedicationRequest,22,subject_display,STRING,NULLABLE,src/main/java/com/fluxfhir/opt/v2/infrastructure/bigquery/schema/MedicationRequestSchema.java
MedicationRequest,23,encounter_reference,STRING,NULLABLE,src/main/java/com/fluxfhir/opt/v2/infrastructure/bigquery/schema/MedicationRequestSchema.java
MedicationRequest,24,informationSource_0_reference,STRING,NULLABLE,src/main/java/com/fluxfhir/opt/v2/infrastructure/bigquery/schema/MedicationRequestSchema.java
MedicationRequest,25,informationSource_0_display,STRING,NULLABLE,src/main/java/com/fluxfhir/opt/v2/infrastructure/bigquery/schema/MedicationRequestSchema.java
MedicationRequest,26,authoredOn,TIMESTAMP,NULLABLE,src/main/java/com/fluxfhir/opt/v2/infrastructure/bigquery/schema/MedicationRequestSchema.java
MedicationRequest,27,requester_reference,STRING,NULLABLE,src/main/java/com/fluxfhir/opt/v2/infrastructure/bigquery/schema/MedicationRequestSchema.java
MedicationRequest,28,requester_display,STRING,NULLABLE,src/main/java/com/fluxfhir/opt/v2/infrastructure/bigquery/schema/MedicationRequestSchema.java
MedicationRequest,29,reason_0_concept_coding_0_system,STRING,NULLABLE,src/main/java/com/fluxfhir/opt/v2/infrastructure/bigquery/schema/MedicationRequestSchema.java
MedicationRequest,30,reason_0_concept_coding_0_code,STRING,NULLABLE,src/main/java/com/fluxfhir/opt/v2/infrastructure/bigquery/schema/MedicationRequestSchema.java
MedicationRequest,31,reason_0_concept_coding_0_display,STRING,NULLABLE,src/main/java/com/fluxfhir/opt/v2/infrastructure/bigquery/schema/MedicationRequestSchema.java
MedicationRequest,32,reason_0_concept_text,STRING,NULLABLE,src/main/java/com/fluxfhir/opt/v2/infrastructure/bigquery/schema/MedicationRequestSchema.java
MedicationRequest,33,insurance_0_reference,STRING,NULLABLE,src/main/java/com/fluxfhir/opt/v2/infrastructure/bigquery/schema/MedicationRequestSchema.java
MedicationRequest,34,insurance_0_display,STRING,NULLABLE,src/main/java/com/fluxfhir/opt/v2/infrastructure/bigquery/schema/MedicationRequestSchema.java
MedicationRequest,35,groupIdentifier_system,STRING,NULLABLE,src/main/java/com/fluxfhir/opt/v2/infrastructure/bigquery/schema/MedicationRequestSchema.java
MedicationRequest,36,groupIdentifier_value,STRING,NULLABLE,src/main/java/com/fluxfhir/opt/v2/infrastructure/bigquery/schema/MedicationRequestSchema.java
MedicationRequest,37,basedOn_0_reference,STRING,NULLABLE,src/main/java/com/fluxfhir/opt/v2/infrastructure/bigquery/schema/MedicationRequestSchema.java
MedicationRequest,38,note_0_authorReference_reference,STRING,NULLABLE,src/main/java/com/fluxfhir/opt/v2/infrastructure/bigquery/schema/MedicationRequestSchema.java
MedicationRequest,39,note_0_authorReference_display,STRING,NULLABLE,src/main/java/com/fluxfhir/opt/v2/infrastructure/bigquery/schema/MedicationRequestSchema.java
MedicationRequest,40,note_0_time,TIMESTAMP,NULLABLE,src/main/java/com/fluxfhir/opt/v2/infrastructure/bigquery/schema/MedicationRequestSchema.java
MedicationRequest,41,note_0_text,STRING,NULLABLE,src/main/java/com/fluxfhir/opt/v2/infrastructure/bigquery/schema/MedicationRequestSchema.java
MedicationRequest,42,dosageInstruction_0_text,STRING,NULLABLE,src/main/java/com/fluxfhir/opt/v2/infrastructure/bigquery/schema/MedicationRequestSchema.java
MedicationRequest,43,dosageInstruction_0_patientInstruction,STRING,NULLABLE,src/main/java/com/fluxfhir/opt/v2/infrastructure/bigquery/schema/MedicationRequestSchema.java
MedicationRequest,44,dosageInstruction_0_timing_repeat_periodUnit,STRING,NULLABLE,src/main/java/com/fluxfhir/opt/v2/infrastructure/bigquery/schema/MedicationRequestSchema.java
MedicationRequest,45,dosageInstruction_0_timing_repeat_when_0,STRING,NULLABLE,src/main/java/com/fluxfhir/opt/v2/infrastructure/bigquery/schema/MedicationRequestSchema.java
MedicationRequest,46,dosageInstruction_0_route_coding_0_system,STRING,NULLABLE,src/main/java/com/fluxfhir/opt/v2/infrastructure/bigquery/schema/MedicationRequestSchema.java
MedicationRequest,47,dosageInstruction_0_route_coding_0_code,STRING,NULLABLE,src/main/java/com/fluxfhir/opt/v2/infrastructure/bigquery/schema/MedicationRequestSchema.java
MedicationRequest,48,dosageInstruction_0_route_coding_0_display,STRING,NULLABLE,src/main/java/com/fluxfhir/opt/v2/infrastructure/bigquery/schema/MedicationRequestSchema.java
MedicationRequest,49,dosageInstruction_0_route_text,STRING,NULLABLE,src/main/java/com/fluxfhir/opt/v2/infrastructure/bigquery/schema/MedicationRequestSchema.java
MedicationRequest,50,dosageInstruction_0_doseAndRate_0_doseQuantity_unit,STRING,NULLABLE,src/main/java/com/fluxfhir/opt/v2/infrastructure/bigquery/schema/MedicationRequestSchema.java
MedicationRequest,51,dosageInstruction_0_doseAndRate_0_doseQuantity_code,STRING,NULLABLE,src/main/java/com/fluxfhir/opt/v2/infrastructure/bigquery/schema/MedicationRequestSchema.java
MedicationRequest,52,dosageInstruction_0_maxDosePerAdministration_value,NUMERIC,NULLABLE,src/main/java/com/fluxfhir/opt/v2/infrastructure/bigquery/schema/MedicationRequestSchema.java
MedicationRequest,53,dosageInstruction_0_maxDosePerAdministration_unit,STRING,NULLABLE,src/main/java/com/fluxfhir/opt/v2/infrastructure/bigquery/schema/MedicationRequestSchema.java
MedicationRequest,54,dosageInstruction_0_maxDosePerAdministration_system,STRING,NULLABLE,src/main/java/com/fluxfhir/opt/v2/infrastructure/bigquery/schema/MedicationRequestSchema.java
MedicationRequest,55,dosageInstruction_0_maxDosePerAdministration_code,STRING,NULLABLE,src/main/java/com/fluxfhir/opt/v2/infrastructure/bigquery/schema/MedicationRequestSchema.java
MedicationRequest,56,dispenseRequest_initialFill_quantity_value,NUMERIC,NULLABLE,src/main/java/com/fluxfhir/opt/v2/infrastructure/bigquery/schema/MedicationRequestSchema.java
MedicationRequest,57,dispenseRequest_initialFill_quantity_unit,STRING,NULLABLE,src/main/java/com/fluxfhir/opt/v2/infrastructure/bigquery/schema/MedicationRequestSchema.java
MedicationRequest,58,dispenseRequest_initialFill_quantity_system,STRING,NULLABLE,src/main/java/com/fluxfhir/opt/v2/infrastructure/bigquery/schema/MedicationRequestSchema.java
MedicationRequest,59,dispenseRequest_initialFill_quantity_code,STRING,NULLABLE,src/main/java/com/fluxfhir/opt/v2/infrastructure/bigquery/schema/MedicationRequestSchema.java
MedicationRequest,60,dispenseRequest_initialFill_duration_value,NUMERIC,NULLABLE,src/main/java/com/fluxfhir/opt/v2/infrastructure/bigquery/schema/MedicationRequestSchema.java
MedicationRequest,61,dispenseRequest_initialFill_duration_unit,STRING,NULLABLE,src/main/java/com/fluxfhir/opt/v2/infrastructure/bigquery/schema/MedicationRequestSchema.java
MedicationRequest,62,dispenseRequest_initialFill_duration_system,STRING,NULLABLE,src/main/java/com/fluxfhir/opt/v2/infrastructure/bigquery/schema/MedicationRequestSchema.java
MedicationRequest,63,dispenseRequest_initialFill_duration_code,STRING,NULLABLE,src/main/java/com/fluxfhir/opt/v2/infrastructure/bigquery/schema/MedicationRequestSchema.java
MedicationRequest,64,dispenseRequest_quantity_value,NUMERIC,NULLABLE,src/main/java/com/fluxfhir/opt/v2/infrastructure/bigquery/schema/MedicationRequestSchema.java
MedicationRequest,65,dispenseRequest_quantity_unit,STRING,NULLABLE,src/main/java/com/fluxfhir/opt/v2/infrastructure/bigquery/schema/MedicationRequestSchema.java
MedicationRequest,66,dispenseRequest_quantity_system,STRING,NULLABLE,src/main/java/com/fluxfhir/opt/v2/infrastructure/bigquery/schema/MedicationRequestSchema.java
MedicationRequest,67,dispenseRequest_quantity_code,STRING,NULLABLE,src/main/java/com/fluxfhir/opt/v2/infrastructure/bigquery/schema/MedicationRequestSchema.java
MedicationRequest,68,dispenseRequest_expectedSupplyDuration_value,NUMERIC,NULLABLE,src/main/java/com/fluxfhir/opt/v2/infrastructure/bigquery/schema/MedicationRequestSchema.java
MedicationRequest,69,dispenseRequest_expectedSupplyDuration_unit,STRING,NULLABLE,src/main/java/com/fluxfhir/opt/v2/infrastructure/bigquery/schema/MedicationRequestSchema.java
MedicationRequest,70,dispenseRequest_expectedSupplyDuration_system,STRING,NULLABLE,src/main/java/com/fluxfhir/opt/v2/infrastructure/bigquery/schema/MedicationRequestSchema.java
MedicationRequest,71,dispenseRequest_expectedSupplyDuration_code,STRING,NULLABLE,src/main/java/com/fluxfhir/opt/v2/infrastructure/bigquery/schema/MedicationRequestSchema.java
MedicationRequest,72,dispenseRequest_dispenser_reference,STRING,NULLABLE,src/main/java/com/fluxfhir/opt/v2/infrastructure/bigquery/schema/MedicationRequestSchema.java
MedicationRequest,73,dispenseRequest_dispenser_display,STRING,NULLABLE,src/main/java/com/fluxfhir/opt/v2/infrastructure/bigquery/schema/MedicationRequestSchema.java
MedicationRequest,74,dispenseRequest_dispenserInstruction_0_text,STRING,NULLABLE,src/main/java/com/fluxfhir/opt/v2/infrastructure/bigquery/schema/MedicationRequestSchema.java
MedicationRequest,75,dispenseRequest_dispenserInstruction_0_time,TIMESTAMP,NULLABLE,src/main/java/com/fluxfhir/opt/v2/infrastructure/bigquery/schema/MedicationRequestSchema.java
MedicationRequest,76,substitution_allowedBoolean,BOOL,NULLABLE,src/main/java/com/fluxfhir/opt/v2/infrastructure/bigquery/schema/MedicationRequestSchema.java
MedicationRequest,77,substitution_reason_coding_0_system,STRING,NULLABLE,src/main/java/com/fluxfhir/opt/v2/infrastructure/bigquery/schema/MedicationRequestSchema.java
MedicationRequest,78,substitution_reason_coding_0_code,STRING,NULLABLE,src/main/java/com/fluxfhir/opt/v2/infrastructure/bigquery/schema/MedicationRequestSchema.java
MedicationRequest,79,substitution_reason_coding_0_display,STRING,NULLABLE,src/main/java/com/fluxfhir/opt/v2/infrastructure/bigquery/schema/MedicationRequestSchema.java
MedicationRequest,80,substitution_reason_text,STRING,NULLABLE,src/main/java/com/fluxfhir/opt/v2/infrastructure/bigquery/schema/MedicationRequestSchema.java
MedicationRequest,81,eventHistory_0_reference,STRING,NULLABLE,src/main/java/com/fluxfhir/opt/v2/infrastructure/bigquery/schema/MedicationRequestSchema.java
MedicationRequest,82,createdAt,TIMESTAMP,NULLABLE,src/main/java/com/fluxfhir/opt/v2/infrastructure/bigquery/schema/MedicationRequestSchema.java
MedicationRequest,83,updatedAt,TIMESTAMP,NULLABLE,src/main/java/com/fluxfhir/opt/v2/infrastructure/bigquery/schema/MedicationRequestSchema.java
MedicationRequest,84,isDeleted,BOOL,NULLABLE,src/main/java/com/fluxfhir/opt/v2/infrastructure/bigquery/schema/MedicationRequestSchema.java
Medication,1,id,STRING,NULLABLE,src/main/java/com/fluxfhir/opt/v2/infrastructure/bigquery/schema/MedicationSchema.java
Medication,2,resourceType,STRING,NULLABLE,src/main/java/com/fluxfhir/opt/v2/infrastructure/bigquery/schema/MedicationSchema.java
Medication,3,meta_versionId,STRING,NULLABLE,src/main/java/com/fluxfhir/opt/v2/infrastructure/bigquery/schema/MedicationSchema.java
Medication,4,meta_lastUpdated,TIMESTAMP,NULLABLE,src/main/java/com/fluxfhir/opt/v2/infrastructure/bigquery/schema/MedicationSchema.java
Medication,5,meta_source,STRING,NULLABLE,src/main/java/com/fluxfhir/opt/v2/infrastructure/bigquery/schema/MedicationSchema.java
Medication,6,meta_profile_0,STRING,NULLABLE,src/main/java/com/fluxfhir/opt/v2/infrastructure/bigquery/schema/MedicationSchema.java
Medication,7,meta_security_0_system,STRING,NULLABLE,src/main/java/com/fluxfhir/opt/v2/infrastructure/bigquery/schema/MedicationSchema.java
Medication,8,meta_security_0_code,STRING,NULLABLE,src/main/java/com/fluxfhir/opt/v2/infrastructure/bigquery/schema/MedicationSchema.java
Medication,9,meta_security_0_display,STRING,NULLABLE,src/main/java/com/fluxfhir/opt/v2/infrastructure/bigquery/schema/MedicationSchema.java
Medication,10,meta_tag_0_system,STRING,NULLABLE,src/main/java/com/fluxfhir/opt/v2/infrastructure/bigquery/schema/MedicationSchema.java
Medication,11,meta_tag_0_code,STRING,NULLABLE,src/main/java/com/fluxfhir/opt/v2/infrastructure/bigquery/schema/MedicationSchema.java
Medication,12,meta_tag_0_display,STRING,NULLABLE,src/main/java/com/fluxfhir/opt/v2/infrastructure/bigquery/schema/MedicationSchema.java
Medication,13,text_status,STRING,NULLABLE,src/main/java/com/fluxfhir/opt/v2/infrastructure/bigquery/schema/MedicationSchema.java
Medication,14,text_div,STRING,NULLABLE,src/main/java/com/fluxfhir/opt/v2/infrastructure/bigquery/schema/MedicationSchema.java
Medication,15,identifier_0_use,STRING,NULLABLE,src/main/java/com/fluxfhir/opt/v2/infrastructure/bigquery/schema/MedicationSchema.java
Medication,16,identifier_0_type_coding_0_system,STRING,NULLABLE,src/main/java/com/fluxfhir/opt/v2/infrastructure/bigquery/schema/MedicationSchema.java
Medication,17,identifier_0_type_coding_0_code,STRING,NULLABLE,src/main/java/com/fluxfhir/opt/v2/infrastructure/bigquery/schema/MedicationSchema.java
Medication,18,identifier_0_type_coding_0_display,STRING,NULLABLE,src/main/java/com/fluxfhir/opt/v2/infrastructure/bigquery/schema/MedicationSchema.java
Medication,19,identifier_0_system,STRING,NULLABLE,src/main/java/com/fluxfhir/opt/v2/infrastructure/bigquery/schema/MedicationSchema.java
Medication,20,identifier_0_value,STRING,NULLABLE,src/main/java/com/fluxfhir/opt/v2/infrastructure/bigquery/schema/MedicationSchema.java
Medication,21,identifier_0_period_start,TIMESTAMP,NULLABLE,src/main/java/com/fluxfhir/opt/v2/infrastructure/bigquery/schema/MedicationSchema.java
Medication,22,identifier_0_period_end,TIMESTAMP,NULLABLE,src/main/java/com/fluxfhir/opt/v2/infrastructure/bigquery/schema/MedicationSchema.java
Medication,23,identifier_0_assigner_display,STRING,NULLABLE,src/main/java/com/fluxfhir/opt/v2/infrastructure/bigquery/schema/MedicationSchema.java
Medication,24,identifier_1_use,STRING,NULLABLE,src/main/java/com/fluxfhir/opt/v2/infrastructure/bigquery/schema/MedicationSchema.java
Medication,25,identifier_1_type_coding_0_system,STRING,NULLABLE,src/main/java/com/fluxfhir/opt/v2/infrastructure/bigquery/schema/MedicationSchema.java
Medication,26,identifier_1_type_coding_0_code,STRING,NULLABLE,src/main/java/com/fluxfhir/opt/v2/infrastructure/bigquery/schema/MedicationSchema.java
Medication,27,identifier_1_type_coding_0_display,STRING,NULLABLE,src/main/java/com/fluxfhir/opt/v2/infrastructure/bigquery/schema/MedicationSchema.java
Medication,28,identifier_1_system,STRING,NULLABLE,src/main/java/com/fluxfhir/opt/v2/infrastructure/bigquery/schema/MedicationSchema.java
Medication,29,identifier_1_value,STRING,NULLABLE,src/main/java/com/fluxfhir/opt/v2/infrastructure/bigquery/schema/MedicationSchema.java
Medication,30,identifier_1_period_start,TIMESTAMP,NULLABLE,src/main/java/com/fluxfhir/opt/v2/infrastructure/bigquery/schema/MedicationSchema.java
Medication,31,identifier_1_period_end,TIMESTAMP,NULLABLE,src/main/java/com/fluxfhir/opt/v2/infrastructure/bigquery/schema/MedicationSchema.java
Medication,32,identifier_1_assigner_display,STRING,NULLABLE,src/main/java/com/fluxfhir/opt/v2/infrastructure/bigquery/schema/MedicationSchema.java
Medication,33,status,STRING,NULLABLE,src/main/java/com/fluxfhir/opt/v2/infrastructure/bigquery/schema/MedicationSchema.java
Medication,34,code_coding_0_system,STRING,NULLABLE,src/main/java/com/fluxfhir/opt/v2/infrastructure/bigquery/schema/MedicationSchema.java
Medication,35,code_coding_0_code,STRING,NULLABLE,src/main/java/com/fluxfhir/opt/v2/infrastructure/bigquery/schema/MedicationSchema.java
Medication,36,code_coding_0_display,STRING,NULLABLE,src/main/java/com/fluxfhir/opt/v2/infrastructure/bigquery/schema/MedicationSchema.java
Medication,37,code_coding_1_system,STRING,NULLABLE,src/main/java/com/fluxfhir/opt/v2/infrastructure/bigquery/schema/MedicationSchema.java
Medication,38,code_coding_1_code,STRING,NULLABLE,src/main/java/com/fluxfhir/opt/v2/infrastructure/bigquery/schema/MedicationSchema.java
Medication,39,code_coding_1_display,STRING,NULLABLE,src/main/java/com/fluxfhir/opt/v2/infrastructure/bigquery/schema/MedicationSchema.java
Medication,40,code_text,STRING,NULLABLE,src/main/java/com/fluxfhir/opt/v2/infrastructure/bigquery/schema/MedicationSchema.java
Medication,41,doseForm_coding_0_system,STRING,NULLABLE,src/main/java/com/fluxfhir/opt/v2/infrastructure/bigquery/schema/MedicationSchema.java
Medication,42,doseForm_coding_0_code,STRING,NULLABLE,src/main/java/com/fluxfhir/opt/v2/infrastructure/bigquery/schema/MedicationSchema.java
Medication,43,doseForm_coding_0_display,STRING,NULLABLE,src/main/java/com/fluxfhir/opt/v2/infrastructure/bigquery/schema/MedicationSchema.java
Medication,44,doseForm_text,STRING,NULLABLE,src/main/java/com/fluxfhir/opt/v2/infrastructure/bigquery/schema/MedicationSchema.java
Medication,45,amount_numerator_comparator,STRING,NULLABLE,src/main/java/com/fluxfhir/opt/v2/infrastructure/bigquery/schema/MedicationSchema.java
Medication,46,amount_numerator_unit,STRING,NULLABLE,src/main/java/com/fluxfhir/opt/v2/infrastructure/bigquery/schema/MedicationSchema.java
Medication,47,amount_numerator_system,STRING,NULLABLE,src/main/java/com/fluxfhir/opt/v2/infrastructure/bigquery/schema/MedicationSchema.java
Medication,48,amount_numerator_code,STRING,NULLABLE,src/main/java/com/fluxfhir/opt/v2/infrastructure/bigquery/schema/MedicationSchema.java
Medication,49,amount_denominator_comparator,STRING,NULLABLE,src/main/java/com/fluxfhir/opt/v2/infrastructure/bigquery/schema/MedicationSchema.java
Medication,50,amount_denominator_unit,STRING,NULLABLE,src/main/java/com/fluxfhir/opt/v2/infrastructure/bigquery/schema/MedicationSchema.java
Medication,51,amount_denominator_system,STRING,NULLABLE,src/main/java/com/fluxfhir/opt/v2/infrastructure/bigquery/schema/MedicationSchema.java
Medication,52,amount_denominator_code,STRING,NULLABLE,src/main/java/com/fluxfhir/opt/v2/infrastructure/bigquery/schema/MedicationSchema.java
Medication,53,ingredient_0_item_concept_coding_0_system,STRING,NULLABLE,src/main/java/com/fluxfhir/opt/v2/infrastructure/bigquery/schema/MedicationSchema.java
Medication,54,ingredient_0_item_concept_coding_0_code,STRING,NULLABLE,src/main/java/com/fluxfhir/opt/v2/infrastructure/bigquery/schema/MedicationSchema.java
Medication,55,ingredient_0_item_concept_coding_0_display,STRING,NULLABLE,src/main/java/com/fluxfhir/opt/v2/infrastructure/bigquery/schema/MedicationSchema.java
Medication,56,ingredient_0_item_concept_text,STRING,NULLABLE,src/main/java/com/fluxfhir/opt/v2/infrastructure/bigquery/schema/MedicationSchema.java
Medication,57,ingredient_0_item_reference,STRING,NULLABLE,src/main/java/com/fluxfhir/opt/v2/infrastructure/bigquery/schema/MedicationSchema.java
Medication,58,ingredient_0_isActive,BOOL,NULLABLE,src/main/java/com/fluxfhir/opt/v2/infrastructure/bigquery/schema/MedicationSchema.java
Medication,59,ingredient_0_strength_numerator_comparator,STRING,NULLABLE,src/main/java/com/fluxfhir/opt/v2/infrastructure/bigquery/schema/MedicationSchema.java
Medication,60,ingredient_0_strength_numerator_unit,STRING,NULLABLE,src/main/java/com/fluxfhir/opt/v2/infrastructure/bigquery/schema/MedicationSchema.java
Medication,61,ingredient_0_strength_numerator_system,STRING,NULLABLE,src/main/java/com/fluxfhir/opt/v2/infrastructure/bigquery/schema/MedicationSchema.java
Medication,62,ingredient_0_strength_numerator_code,STRING,NULLABLE,src/main/java/com/fluxfhir/opt/v2/infrastructure/bigquery/schema/MedicationSchema.java
Medication,63,ingredient_0_strength_denominator_comparator,STRING,NULLABLE,src/main/java/com/fluxfhir/opt/v2/infrastructure/bigquery/schema/MedicationSchema.java
Medication,64,ingredient_0_strength_denominator_unit,STRING,NULLABLE,src/main/java/com/fluxfhir/opt/v2/infrastructure/bigquery/schema/MedicationSchema.java
Medication,65,ingredient_0_strength_denominator_system,STRING,NULLABLE,src/main/java/com/fluxfhir/opt/v2/infrastructure/bigquery/schema/MedicationSchema.java
Medication,66,ingredient_0_strength_denominator_code,STRING,NULLABLE,src/main/java/com/fluxfhir/opt/v2/infrastructure/bigquery/schema/MedicationSchema.java
Medication,67,batch_lotNumber,STRING,NULLABLE,src/main/java/com/fluxfhir/opt/v2/infrastructure/bigquery/schema/MedicationSchema.java
Medication,68,batch_expirationDate,DATE,NULLABLE,src/main/java/com/fluxfhir/opt/v2/infrastructure/bigquery/schema/MedicationSchema.java
Medication,69,manufacturer_reference,STRING,NULLABLE,src/main/java/com/fluxfhir/opt/v2/infrastructure/bigquery/schema/MedicationSchema.java
Medication,70,manufacturer_display,STRING,NULLABLE,src/main/java/com/fluxfhir/opt/v2/infrastructure/bigquery/schema/MedicationSchema.java
Medication,71,marketingAuthorizationHolder_reference,STRING,NULLABLE,src/main/java/com/fluxfhir/opt/v2/infrastructure/bigquery/schema/MedicationSchema.java
Medication,72,marketingAuthorizationHolder_display,STRING,NULLABLE,src/main/java/com/fluxfhir/opt/v2/infrastructure/bigquery/schema/MedicationSchema.java
Medication,73,pureSubstance_concept_coding_0_system,STRING,NULLABLE,src/main/java/com/fluxfhir/opt/v2/infrastructure/bigquery/schema/MedicationSchema.java
Medication,74,pureSubstance_concept_coding_0_code,STRING,NULLABLE,src/main/java/com/fluxfhir/opt/v2/infrastructure/bigquery/schema/MedicationSchema.java
Medication,75,pureSubstance_concept_coding_0_display,STRING,NULLABLE,src/main/java/com/fluxfhir/opt/v2/infrastructure/bigquery/schema/MedicationSchema.java
Medication,76,pureSubstance_reference,STRING,NULLABLE,src/main/java/com/fluxfhir/opt/v2/infrastructure/bigquery/schema/MedicationSchema.java
Medication,77,note_0_text,STRING,NULLABLE,src/main/java/com/fluxfhir/opt/v2/infrastructure/bigquery/schema/MedicationSchema.java
Medication,78,createdAt,TIMESTAMP,NULLABLE,src/main/java/com/fluxfhir/opt/v2/infrastructure/bigquery/schema/MedicationSchema.java
Medication,79,updatedAt,TIMESTAMP,NULLABLE,src/main/java/com/fluxfhir/opt/v2/infrastructure/bigquery/schema/MedicationSchema.java
Medication,80,isDeleted,BOOL,NULLABLE,src/main/java/com/fluxfhir/opt/v2/infrastructure/bigquery/schema/MedicationSchema.java
Observation,1,id,STRING,NULLABLE,src/main/java/com/fluxfhir/opt/v2/infrastructure/bigquery/schema/ObservationSchema.java
Observation,2,resourceType,STRING,NULLABLE,src/main/java/com/fluxfhir/opt/v2/infrastructure/bigquery/schema/ObservationSchema.java
Observation,3,createdAt,TIMESTAMP,NULLABLE,src/main/java/com/fluxfhir/opt/v2/infrastructure/bigquery/schema/ObservationSchema.java
Observation,4,updatedAt,TIMESTAMP,NULLABLE,src/main/java/com/fluxfhir/opt/v2/infrastructure/bigquery/schema/ObservationSchema.java
Observation,5,isDeleted,BOOL,NULLABLE,src/main/java/com/fluxfhir/opt/v2/infrastructure/bigquery/schema/ObservationSchema.java
Observation,6,status,STRING,NULLABLE,src/main/java/com/fluxfhir/opt/v2/infrastructure/bigquery/schema/ObservationSchema.java
Observation,7,text_status,STRING,NULLABLE,src/main/java/com/fluxfhir/opt/v2/infrastructure/bigquery/schema/ObservationSchema.java
Observation,8,text_div,STRING,NULLABLE,src/main/java/com/fluxfhir/opt/v2/infrastructure/bigquery/schema/ObservationSchema.java
Observation,9,meta_versionId,STRING,NULLABLE,src/main/java/com/fluxfhir/opt/v2/infrastructure/bigquery/schema/ObservationSchema.java
Observation,10,meta_lastUpdated,TIMESTAMP,NULLABLE,src/main/java/com/fluxfhir/opt/v2/infrastructure/bigquery/schema/ObservationSchema.java
Observation,11,meta_profile_0,STRING,NULLABLE,src/main/java/com/fluxfhir/opt/v2/infrastructure/bigquery/schema/ObservationSchema.java
Observation,12,effectiveDateTime,TIMESTAMP,NULLABLE,src/main/java/com/fluxfhir/opt/v2/infrastructure/bigquery/schema/ObservationSchema.java
Observation,13,effectiveInstant,TIMESTAMP,NULLABLE,src/main/java/com/fluxfhir/opt/v2/infrastructure/bigquery/schema/ObservationSchema.java
Observation,14,effectivePeriod_start,TIMESTAMP,NULLABLE,src/main/java/com/fluxfhir/opt/v2/infrastructure/bigquery/schema/ObservationSchema.java
Observation,15,effectivePeriod_end,TIMESTAMP,NULLABLE,src/main/java/com/fluxfhir/opt/v2/infrastructure/bigquery/schema/ObservationSchema.java
Observation,16,issued,TIMESTAMP,NULLABLE,src/main/java/com/fluxfhir/opt/v2/infrastructure/bigquery/schema/ObservationSchema.java
Observation,17,effectiveTiming_repeat_periodUnit,STRING,NULLABLE,src/main/java/com/fluxfhir/opt/v2/infrastructure/bigquery/schema/ObservationSchema.java
Observation,18,subject_reference,STRING,NULLABLE,src/main/java/com/fluxfhir/opt/v2/infrastructure/bigquery/schema/ObservationSchema.java
Observation,19,subject_display,STRING,NULLABLE,src/main/java/com/fluxfhir/opt/v2/infrastructure/bigquery/schema/ObservationSchema.java
Observation,20,subject_type,STRING,NULLABLE,src/main/java/com/fluxfhir/opt/v2/infrastructure/bigquery/schema/ObservationSchema.java
Observation,21,encounter_reference,STRING,NULLABLE,src/main/java/com/fluxfhir/opt/v2/infrastructure/bigquery/schema/ObservationSchema.java
Observation,22,encounter_display,STRING,NULLABLE,src/main/java/com/fluxfhir/opt/v2/infrastructure/bigquery/schema/ObservationSchema.java
Observation,23,encounter_type,STRING,NULLABLE,src/main/java/com/fluxfhir/opt/v2/infrastructure/bigquery/schema/ObservationSchema.java
Observation,24,performer_0_reference,STRING,NULLABLE,src/main/java/com/fluxfhir/opt/v2/infrastructure/bigquery/schema/ObservationSchema.java
Observation,25,performer_0_display,STRING,NULLABLE,src/main/java/com/fluxfhir/opt/v2/infrastructure/bigquery/schema/ObservationSchema.java
Observation,26,performer_0_type,STRING,NULLABLE,src/main/java/com/fluxfhir/opt/v2/infrastructure/bigquery/schema/ObservationSchema.java
Observation,27,performer_1_reference,STRING,NULLABLE,src/main/java/com/fluxfhir/opt/v2/infrastructure/bigquery/schema/ObservationSchema.java
Observation,28,performer_1_display,STRING,NULLABLE,src/main/java/com/fluxfhir/opt/v2/infrastructure/bigquery/schema/ObservationSchema.java
Observation,29,performer_1_type,STRING,NULLABLE,src/main/java/com/fluxfhir/opt/v2/infrastructure/bigquery/schema/ObservationSchema.java
Observation,30,device_reference,STRING,NULLABLE,src/main/java/com/fluxfhir/opt/v2/infrastructure/bigquery/schema/ObservationSchema.java
Observation,31,device_display,STRING,NULLABLE,src/main/java/com/fluxfhir/opt/v2/infrastructure/bigquery/schema/ObservationSchema.java
Observation,32,device_type,STRING,NULLABLE,src/main/java/com/fluxfhir/opt/v2/infrastructure/bigquery/schema/ObservationSchema.java
Observation,33,specimen_reference,STRING,NULLABLE,src/main/java/com/fluxfhir/opt/v2/infrastructure/bigquery/schema/ObservationSchema.java
Observation,34,specimen_display,STRING,NULLABLE,src/main/java/com/fluxfhir/opt/v2/infrastructure/bigquery/schema/ObservationSchema.java
Observation,35,specimen_type,STRING,NULLABLE,src/main/java/com/fluxfhir/opt/v2/infrastructure/bigquery/schema/ObservationSchema.java
Observation,36,basedOn_0_reference,STRING,NULLABLE,src/main/java/com/fluxfhir/opt/v2/infrastructure/bigquery/schema/ObservationSchema.java
Observation,37,basedOn_0_display,STRING,NULLABLE,src/main/java/com/fluxfhir/opt/v2/infrastructure/bigquery/schema/ObservationSchema.java
Observation,38,basedOn_0_type,STRING,NULLABLE,src/main/java/com/fluxfhir/opt/v2/infrastructure/bigquery/schema/ObservationSchema.java
Observation,39,partOf_0_reference,STRING,NULLABLE,src/main/java/com/fluxfhir/opt/v2/infrastructure/bigquery/schema/ObservationSchema.java
Observation,40,partOf_0_display,STRING,NULLABLE,src/main/java/com/fluxfhir/opt/v2/infrastructure/bigquery/schema/ObservationSchema.java
Observation,41,partOf_0_type,STRING,NULLABLE,src/main/java/com/fluxfhir/opt/v2/infrastructure/bigquery/schema/ObservationSchema.java
Observation,42,hasMember_0_reference,STRING,NULLABLE,src/main/java/com/fluxfhir/opt/v2/infrastructure/bigquery/schema/ObservationSchema.java
Observation,43,hasMember_0_display,STRING,NULLABLE,src/main/java/com/fluxfhir/opt/v2/infrastructure/bigquery/schema/ObservationSchema.java
Observation,44,hasMember_0_type,STRING,NULLABLE,src/main/java/com/fluxfhir/opt/v2/infrastructure/bigquery/schema/ObservationSchema.java
Observation,45,hasMember_1_reference,STRING,NULLABLE,src/main/java/com/fluxfhir/opt/v2/infrastructure/bigquery/schema/ObservationSchema.java
Observation,46,hasMember_1_display,STRING,NULLABLE,src/main/java/com/fluxfhir/opt/v2/infrastructure/bigquery/schema/ObservationSchema.java
Observation,47,hasMember_1_type,STRING,NULLABLE,src/main/java/com/fluxfhir/opt/v2/infrastructure/bigquery/schema/ObservationSchema.java
Observation,48,hasMember_2_reference,STRING,NULLABLE,src/main/java/com/fluxfhir/opt/v2/infrastructure/bigquery/schema/ObservationSchema.java
Observation,49,hasMember_2_display,STRING,NULLABLE,src/main/java/com/fluxfhir/opt/v2/infrastructure/bigquery/schema/ObservationSchema.java
Observation,50,hasMember_2_type,STRING,NULLABLE,src/main/java/com/fluxfhir/opt/v2/infrastructure/bigquery/schema/ObservationSchema.java
Observation,51,focus_0_reference,STRING,NULLABLE,src/main/java/com/fluxfhir/opt/v2/infrastructure/bigquery/schema/ObservationSchema.java
Observation,52,focus_0_display,STRING,NULLABLE,src/main/java/com/fluxfhir/opt/v2/infrastructure/bigquery/schema/ObservationSchema.java
Observation,53,focus_0_type,STRING,NULLABLE,src/main/java/com/fluxfhir/opt/v2/infrastructure/bigquery/schema/ObservationSchema.java
Observation,54,bodySite_coding_0_system,STRING,NULLABLE,src/main/java/com/fluxfhir/opt/v2/infrastructure/bigquery/schema/ObservationSchema.java
Observation,55,bodySite_coding_0_code,STRING,NULLABLE,src/main/java/com/fluxfhir/opt/v2/infrastructure/bigquery/schema/ObservationSchema.java
Observation,56,bodySite_coding_0_display,STRING,NULLABLE,src/main/java/com/fluxfhir/opt/v2/infrastructure/bigquery/schema/ObservationSchema.java
Observation,57,bodySite_text,STRING,NULLABLE,src/main/java/com/fluxfhir/opt/v2/infrastructure/bigquery/schema/ObservationSchema.java
Observation,58,bodyStructure_reference,STRING,NULLABLE,src/main/java/com/fluxfhir/opt/v2/infrastructure/bigquery/schema/ObservationSchema.java
Observation,59,bodyStructure_display,STRING,NULLABLE,src/main/java/com/fluxfhir/opt/v2/infrastructure/bigquery/schema/ObservationSchema.java
Observation,60,bodyStructure_type,STRING,NULLABLE,src/main/java/com/fluxfhir/opt/v2/infrastructure/bigquery/schema/ObservationSchema.java
Observation,61,triggeredBy_0_observation_reference,STRING,NULLABLE,src/main/java/com/fluxfhir/opt/v2/infrastructure/bigquery/schema/ObservationSchema.java
Observation,62,triggeredBy_0_observation_display,STRING,NULLABLE,src/main/java/com/fluxfhir/opt/v2/infrastructure/bigquery/schema/ObservationSchema.java
Observation,63,triggeredBy_0_observation_type,STRING,NULLABLE,src/main/java/com/fluxfhir/opt/v2/infrastructure/bigquery/schema/ObservationSchema.java
Observation,64,triggeredBy_0_reason,STRING,NULLABLE,src/main/java/com/fluxfhir/opt/v2/infrastructure/bigquery/schema/ObservationSchema.java
Observation,65,triggeredBy_0_type,STRING,NULLABLE,src/main/java/com/fluxfhir/opt/v2/infrastructure/bigquery/schema/ObservationSchema.java
Observation,66,category_0_coding_0_system,STRING,NULLABLE,src/main/java/com/fluxfhir/opt/v2/infrastructure/bigquery/schema/ObservationSchema.java
Observation,67,category_0_coding_0_code,STRING,NULLABLE,src/main/java/com/fluxfhir/opt/v2/infrastructure/bigquery/schema/ObservationSchema.java
Observation,68,category_0_coding_0_display,STRING,NULLABLE,src/main/java/com/fluxfhir/opt/v2/infrastructure/bigquery/schema/ObservationSchema.java
Observation,69,category_0_text,STRING,NULLABLE,src/main/java/com/fluxfhir/opt/v2/infrastructure/bigquery/schema/ObservationSchema.java
Observation,70,code_coding_0_system,STRING,NULLABLE,src/main/java/com/fluxfhir/opt/v2/infrastructure/bigquery/schema/ObservationSchema.java
Observation,71,code_coding_0_code,STRING,NULLABLE,src/main/java/com/fluxfhir/opt/v2/infrastructure/bigquery/schema/ObservationSchema.java
Observation,72,code_coding_0_display,STRING,NULLABLE,src/main/java/com/fluxfhir/opt/v2/infrastructure/bigquery/schema/ObservationSchema.java
Observation,73,code_coding_1_system,STRING,NULLABLE,src/main/java/com/fluxfhir/opt/v2/infrastructure/bigquery/schema/ObservationSchema.java
Observation,74,code_coding_1_code,STRING,NULLABLE,src/main/java/com/fluxfhir/opt/v2/infrastructure/bigquery/schema/ObservationSchema.java
Observation,75,code_coding_1_display,STRING,NULLABLE,src/main/java/com/fluxfhir/opt/v2/infrastructure/bigquery/schema/ObservationSchema.java
Observation,76,code_text,STRING,NULLABLE,src/main/java/com/fluxfhir/opt/v2/infrastructure/bigquery/schema/ObservationSchema.java
Observation,77,instantiatesCanonical_0,STRING,NULLABLE,src/main/java/com/fluxfhir/opt/v2/infrastructure/bigquery/schema/ObservationSchema.java
Observation,78,instantiatesReference_0_reference,STRING,NULLABLE,src/main/java/com/fluxfhir/opt/v2/infrastructure/bigquery/schema/ObservationSchema.java
Observation,79,instantiatesReference_0_display,STRING,NULLABLE,src/main/java/com/fluxfhir/opt/v2/infrastructure/bigquery/schema/ObservationSchema.java
Observation,80,instantiatesReference_0_type,STRING,NULLABLE,src/main/java/com/fluxfhir/opt/v2/infrastructure/bigquery/schema/ObservationSchema.java
Observation,81,method_coding_0_system,STRING,NULLABLE,src/main/java/com/fluxfhir/opt/v2/infrastructure/bigquery/schema/ObservationSchema.java
Observation,82,method_coding_0_code,STRING,NULLABLE,src/main/java/com/fluxfhir/opt/v2/infrastructure/bigquery/schema/ObservationSchema.java
Observation,83,method_coding_0_display,STRING,NULLABLE,src/main/java/com/fluxfhir/opt/v2/infrastructure/bigquery/schema/ObservationSchema.java
Observation,84,method_text,STRING,NULLABLE,src/main/java/com/fluxfhir/opt/v2/infrastructure/bigquery/schema/ObservationSchema.java
Observation,85,valueQuantity_unit,STRING,NULLABLE,src/main/java/com/fluxfhir/opt/v2/infrastructure/bigquery/schema/ObservationSchema.java
Observation,86,valueQuantity_system,STRING,NULLABLE,src/main/java/com/fluxfhir/opt/v2/infrastructure/bigquery/schema/ObservationSchema.java
Observation,87,valueQuantity_code,STRING,NULLABLE,src/main/java/com/fluxfhir/opt/v2/infrastructure/bigquery/schema/ObservationSchema.java
Observation,88,valueQuantity_comparator,STRING,NULLABLE,src/main/java/com/fluxfhir/opt/v2/infrastructure/bigquery/schema/ObservationSchema.java
Observation,89,valueCodeableConcept_coding_0_system,STRING,NULLABLE,src/main/java/com/fluxfhir/opt/v2/infrastructure/bigquery/schema/ObservationSchema.java
Observation,90,valueCodeableConcept_coding_0_code,STRING,NULLABLE,src/main/java/com/fluxfhir/opt/v2/infrastructure/bigquery/schema/ObservationSchema.java
Observation,91,valueCodeableConcept_coding_0_display,STRING,NULLABLE,src/main/java/com/fluxfhir/opt/v2/infrastructure/bigquery/schema/ObservationSchema.java
Observation,92,valueCodeableConcept_coding_1_system,STRING,NULLABLE,src/main/java/com/fluxfhir/opt/v2/infrastructure/bigquery/schema/ObservationSchema.java
Observation,93,valueCodeableConcept_coding_1_code,STRING,NULLABLE,src/main/java/com/fluxfhir/opt/v2/infrastructure/bigquery/schema/ObservationSchema.java
Observation,94,valueCodeableConcept_coding_1_display,STRING,NULLABLE,src/main/java/com/fluxfhir/opt/v2/infrastructure/bigquery/schema/ObservationSchema.java
Observation,95,valueCodeableConcept_text,STRING,NULLABLE,src/main/java/com/fluxfhir/opt/v2/infrastructure/bigquery/schema/ObservationSchema.java
Observation,96,valueString,STRING,NULLABLE,src/main/java/com/fluxfhir/opt/v2/infrastructure/bigquery/schema/ObservationSchema.java
Observation,97,valueBoolean,BOOL,NULLABLE,src/main/java/com/fluxfhir/opt/v2/infrastructure/bigquery/schema/ObservationSchema.java
Observation,98,valueTime,TIME,NULLABLE,src/main/java/com/fluxfhir/opt/v2/infrastructure/bigquery/schema/ObservationSchema.java
Observation,99,valueRange_low_unit,STRING,NULLABLE,src/main/java/com/fluxfhir/opt/v2/infrastructure/bigquery/schema/ObservationSchema.java
Observation,100,valueRange_high_unit,STRING,NULLABLE,src/main/java/com/fluxfhir/opt/v2/infrastructure/bigquery/schema/ObservationSchema.java
Observation,101,valueRatio_numerator_unit,STRING,NULLABLE,src/main/java/com/fluxfhir/opt/v2/infrastructure/bigquery/schema/ObservationSchema.java
Observation,102,valueRatio_denominator_unit,STRING,NULLABLE,src/main/java/com/fluxfhir/opt/v2/infrastructure/bigquery/schema/ObservationSchema.java
Observation,103,valuePeriod_start,TIMESTAMP,NULLABLE,src/main/java/com/fluxfhir/opt/v2/infrastructure/bigquery/schema/ObservationSchema.java
Observation,104,valuePeriod_end,TIMESTAMP,NULLABLE,src/main/java/com/fluxfhir/opt/v2/infrastructure/bigquery/schema/ObservationSchema.java
Observation,105,valueAttachment_contentType,STRING,NULLABLE,src/main/java/com/fluxfhir/opt/v2/infrastructure/bigquery/schema/ObservationSchema.java
Observation,106,valueAttachment_creation,TIMESTAMP,NULLABLE,src/main/java/com/fluxfhir/opt/v2/infrastructure/bigquery/schema/ObservationSchema.java
Observation,107,valueAttachment_url,STRING,NULLABLE,src/main/java/com/fluxfhir/opt/v2/infrastructure/bigquery/schema/ObservationSchema.java
Observation,108,valueAttachment_title,STRING,NULLABLE,src/main/java/com/fluxfhir/opt/v2/infrastructure/bigquery/schema/ObservationSchema.java
Observation,109,valueSampledData_data,STRING,NULLABLE,src/main/java/com/fluxfhir/opt/v2/infrastructure/bigquery/schema/ObservationSchema.java
Observation,110,component_0_code_coding_0_system,STRING,NULLABLE,src/main/java/com/fluxfhir/opt/v2/infrastructure/bigquery/schema/ObservationSchema.java
Observation,111,component_0_code_coding_0_code,STRING,NULLABLE,src/main/java/com/fluxfhir/opt/v2/infrastructure/bigquery/schema/ObservationSchema.java
Observation,112,component_0_code_coding_0_display,STRING,NULLABLE,src/main/java/com/fluxfhir/opt/v2/infrastructure/bigquery/schema/ObservationSchema.java
Observation,113,component_0_valueQuantity_unit,STRING,NULLABLE,src/main/java/com/fluxfhir/opt/v2/infrastructure/bigquery/schema/ObservationSchema.java
Observation,114,component_0_valueQuantity_system,STRING,NULLABLE,src/main/java/com/fluxfhir/opt/v2/infrastructure/bigquery/schema/ObservationSchema.java
Observation,115,component_0_valueQuantity_code,STRING,NULLABLE,src/main/java/com/fluxfhir/opt/v2/infrastructure/bigquery/schema/ObservationSchema.java
Observation,116,component_0_interpretation_0_coding_0_system,STRING,NULLABLE,src/main/java/com/fluxfhir/opt/v2/infrastructure/bigquery/schema/ObservationSchema.java
Observation,117,component_0_interpretation_0_coding_0_code,STRING,NULLABLE,src/main/java/com/fluxfhir/opt/v2/infrastructure/bigquery/schema/ObservationSchema.java
Observation,118,component_0_interpretation_0_coding_0_display,STRING,NULLABLE,src/main/java/com/fluxfhir/opt/v2/infrastructure/bigquery/schema/ObservationSchema.java
Observation,119,component_0_referenceRange_0_low_unit,STRING,NULLABLE,src/main/java/com/fluxfhir/opt/v2/infrastructure/bigquery/schema/ObservationSchema.java
Observation,120,component_0_referenceRange_0_high_unit,STRING,NULLABLE,src/main/java/com/fluxfhir/opt/v2/infrastructure/bigquery/schema/ObservationSchema.java
Observation,121,component_0_dataAbsentReason_coding_0_system,STRING,NULLABLE,src/main/java/com/fluxfhir/opt/v2/infrastructure/bigquery/schema/ObservationSchema.java
Observation,122,component_0_dataAbsentReason_coding_0_code,STRING,NULLABLE,src/main/java/com/fluxfhir/opt/v2/infrastructure/bigquery/schema/ObservationSchema.java
Observation,123,component_0_dataAbsentReason_coding_0_display,STRING,NULLABLE,src/main/java/com/fluxfhir/opt/v2/infrastructure/bigquery/schema/ObservationSchema.java
Observation,124,component_1_code_coding_0_system,STRING,NULLABLE,src/main/java/com/fluxfhir/opt/v2/infrastructure/bigquery/schema/ObservationSchema.java
Observation,125,component_1_code_coding_0_code,STRING,NULLABLE,src/main/java/com/fluxfhir/opt/v2/infrastructure/bigquery/schema/ObservationSchema.java
Observation,126,component_1_code_coding_0_display,STRING,NULLABLE,src/main/java/com/fluxfhir/opt/v2/infrastructure/bigquery/schema/ObservationSchema.java
Observation,127,component_1_valueQuantity_unit,STRING,NULLABLE,src/main/java/com/fluxfhir/opt/v2/infrastructure/bigquery/schema/ObservationSchema.java
Observation,128,component_1_valueQuantity_system,STRING,NULLABLE,src/main/java/com/fluxfhir/opt/v2/infrastructure/bigquery/schema/ObservationSchema.java
Observation,129,component_1_valueQuantity_code,STRING,NULLABLE,src/main/java/com/fluxfhir/opt/v2/infrastructure/bigquery/schema/ObservationSchema.java
Observation,130,component_1_interpretation_0_coding_0_system,STRING,NULLABLE,src/main/java/com/fluxfhir/opt/v2/infrastructure/bigquery/schema/ObservationSchema.java
Observation,131,component_1_interpretation_0_coding_0_code,STRING,NULLABLE,src/main/java/com/fluxfhir/opt/v2/infrastructure/bigquery/schema/ObservationSchema.java
Observation,132,component_1_interpretation_0_coding_0_display,STRING,NULLABLE,src/main/java/com/fluxfhir/opt/v2/infrastructure/bigquery/schema/ObservationSchema.java
Observation,133,component_2_code_coding_0_system,STRING,NULLABLE,src/main/java/com/fluxfhir/opt/v2/infrastructure/bigquery/schema/ObservationSchema.java
Observation,134,component_2_code_coding_0_code,STRING,NULLABLE,src/main/java/com/fluxfhir/opt/v2/infrastructure/bigquery/schema/ObservationSchema.java
Observation,135,component_2_code_coding_0_display,STRING,NULLABLE,src/main/java/com/fluxfhir/opt/v2/infrastructure/bigquery/schema/ObservationSchema.java
Observation,136,component_2_valueQuantity_unit,STRING,NULLABLE,src/main/java/com/fluxfhir/opt/v2/infrastructure/bigquery/schema/ObservationSchema.java
Observation,137,component_2_valueQuantity_system,STRING,NULLABLE,src/main/java/com/fluxfhir/opt/v2/infrastructure/bigquery/schema/ObservationSchema.java
Observation,138,component_2_valueQuantity_code,STRING,NULLABLE,src/main/java/com/fluxfhir/opt/v2/infrastructure/bigquery/schema/ObservationSchema.java
Observation,139,referenceRange_0_high_unit,STRING,NULLABLE,src/main/java/com/fluxfhir/opt/v2/infrastructure/bigquery/schema/ObservationSchema.java
Observation,140,referenceRange_0_high_code,STRING,NULLABLE,src/main/java/com/fluxfhir/opt/v2/infrastructure/bigquery/schema/ObservationSchema.java
Observation,141,referenceRange_0_high_system,STRING,NULLABLE,src/main/java/com/fluxfhir/opt/v2/infrastructure/bigquery/schema/ObservationSchema.java
Observation,142,referenceRange_0_low_unit,STRING,NULLABLE,src/main/java/com/fluxfhir/opt/v2/infrastructure/bigquery/schema/ObservationSchema.java
Observation,143,referenceRange_0_low_code,STRING,NULLABLE,src/main/java/com/fluxfhir/opt/v2/infrastructure/bigquery/schema/ObservationSchema.java
Observation,144,referenceRange_0_low_system,STRING,NULLABLE,src/main/java/com/fluxfhir/opt/v2/infrastructure/bigquery/schema/ObservationSchema.java
Observation,145,referenceRange_0_text,STRING,NULLABLE,src/main/java/com/fluxfhir/opt/v2/infrastructure/bigquery/schema/ObservationSchema.java
Observation,146,referenceRange_0_type_coding_0_system,STRING,NULLABLE,src/main/java/com/fluxfhir/opt/v2/infrastructure/bigquery/schema/ObservationSchema.java
Observation,147,referenceRange_0_type_coding_0_code,STRING,NULLABLE,src/main/java/com/fluxfhir/opt/v2/infrastructure/bigquery/schema/ObservationSchema.java
Observation,148,referenceRange_0_type_coding_0_display,STRING,NULLABLE,src/main/java/com/fluxfhir/opt/v2/infrastructure/bigquery/schema/ObservationSchema.java
Observation,149,referenceRange_0_appliesTo_0_coding_0_system,STRING,NULLABLE,src/main/java/com/fluxfhir/opt/v2/infrastructure/bigquery/schema/ObservationSchema.java
Observation,150,referenceRange_0_appliesTo_0_coding_0_code,STRING,NULLABLE,src/main/java/com/fluxfhir/opt/v2/infrastructure/bigquery/schema/ObservationSchema.java
Observation,151,referenceRange_0_appliesTo_0_coding_0_display,STRING,NULLABLE,src/main/java/com/fluxfhir/opt/v2/infrastructure/bigquery/schema/ObservationSchema.java
Observation,152,referenceRange_0_age_low_unit,STRING,NULLABLE,src/main/java/com/fluxfhir/opt/v2/infrastructure/bigquery/schema/ObservationSchema.java
Observation,153,referenceRange_0_age_low_code,STRING,NULLABLE,src/main/java/com/fluxfhir/opt/v2/infrastructure/bigquery/schema/ObservationSchema.java
Observation,154,referenceRange_0_age_low_system,STRING,NULLABLE,src/main/java/com/fluxfhir/opt/v2/infrastructure/bigquery/schema/ObservationSchema.java
Observation,155,referenceRange_0_age_high_unit,STRING,NULLABLE,src/main/java/com/fluxfhir/opt/v2/infrastructure/bigquery/schema/ObservationSchema.java
Observation,156,referenceRange_0_age_high_code,STRING,NULLABLE,src/main/java/com/fluxfhir/opt/v2/infrastructure/bigquery/schema/ObservationSchema.java
Observation,157,referenceRange_0_age_high_system,STRING,NULLABLE,src/main/java/com/fluxfhir/opt/v2/infrastructure/bigquery/schema/ObservationSchema.java
Observation,158,interpretation_0_coding_0_system,STRING,NULLABLE,src/main/java/com/fluxfhir/opt/v2/infrastructure/bigquery/schema/ObservationSchema.java
Observation,159,interpretation_0_coding_0_code,STRING,NULLABLE,src/main/java/com/fluxfhir/opt/v2/infrastructure/bigquery/schema/ObservationSchema.java
Observation,160,interpretation_0_coding_0_display,STRING,NULLABLE,src/main/java/com/fluxfhir/opt/v2/infrastructure/bigquery/schema/ObservationSchema.java
Observation,161,interpretation_0_text,STRING,NULLABLE,src/main/java/com/fluxfhir/opt/v2/infrastructure/bigquery/schema/ObservationSchema.java
Observation,162,dataAbsentReason_coding_0_system,STRING,NULLABLE,src/main/java/com/fluxfhir/opt/v2/infrastructure/bigquery/schema/ObservationSchema.java
Observation,163,dataAbsentReason_coding_0_code,STRING,NULLABLE,src/main/java/com/fluxfhir/opt/v2/infrastructure/bigquery/schema/ObservationSchema.java
Observation,164,dataAbsentReason_coding_0_display,STRING,NULLABLE,src/main/java/com/fluxfhir/opt/v2/infrastructure/bigquery/schema/ObservationSchema.java
Observation,165,identifier_0_system,STRING,NULLABLE,src/main/java/com/fluxfhir/opt/v2/infrastructure/bigquery/schema/ObservationSchema.java
Observation,166,identifier_0_value,STRING,NULLABLE,src/main/java/com/fluxfhir/opt/v2/infrastructure/bigquery/schema/ObservationSchema.java
Observation,167,identifier_0_use,STRING,NULLABLE,src/main/java/com/fluxfhir/opt/v2/infrastructure/bigquery/schema/ObservationSchema.java
Observation,168,identifier_0_period_start,TIMESTAMP,NULLABLE,src/main/java/com/fluxfhir/opt/v2/infrastructure/bigquery/schema/ObservationSchema.java
Observation,169,identifier_0_assigner_reference,STRING,NULLABLE,src/main/java/com/fluxfhir/opt/v2/infrastructure/bigquery/schema/ObservationSchema.java
Observation,170,note_0_text,STRING,NULLABLE,src/main/java/com/fluxfhir/opt/v2/infrastructure/bigquery/schema/ObservationSchema.java
Observation,171,note_0_time,TIMESTAMP,NULLABLE,src/main/java/com/fluxfhir/opt/v2/infrastructure/bigquery/schema/ObservationSchema.java
Observation,172,note_0_authorReference_reference,STRING,NULLABLE,src/main/java/com/fluxfhir/opt/v2/infrastructure/bigquery/schema/ObservationSchema.java
Observation,173,note_1_text,STRING,NULLABLE,src/main/java/com/fluxfhir/opt/v2/infrastructure/bigquery/schema/ObservationSchema.java
Observation,174,identifier_0_assigner_display,STRING,NULLABLE,src/main/java/com/fluxfhir/opt/v2/infrastructure/bigquery/schema/ObservationSchema.java
Observation,175,note_0_authorReference_display,STRING,NULLABLE,src/main/java/com/fluxfhir/opt/v2/infrastructure/bigquery/schema/ObservationSchema.java
Observation,176,valueAttachment_data,STRING,NULLABLE,src/main/java/com/fluxfhir/opt/v2/infrastructure/bigquery/schema/ObservationSchema.java
Observation,177,valueAttachment_hash,STRING,NULLABLE,src/main/java/com/fluxfhir/opt/v2/infrastructure/bigquery/schema/ObservationSchema.java
Observation,178,identifier_0_period_end,TIMESTAMP,NULLABLE,src/main/java/com/fluxfhir/opt/v2/infrastructure/bigquery/schema/ObservationSchema.java
Observation,179,authored,TIMESTAMP,NULLABLE,src/main/java/com/fluxfhir/opt/v2/infrastructure/bigquery/schema/ObservationSchema.java
Observation,180,code_coding_0_version,STRING,NULLABLE,src/main/java/com/fluxfhir/opt/v2/infrastructure/bigquery/schema/ObservationSchema.java
Observation,181,device_identifier,STRING,NULLABLE,src/main/java/com/fluxfhir/opt/v2/infrastructure/bigquery/schema/ObservationSchema.java
Observation,182,encounter_identifier_system,STRING,NULLABLE,src/main/java/com/fluxfhir/opt/v2/infrastructure/bigquery/schema/ObservationSchema.java
Observation,183,encounter_identifier_value,STRING,NULLABLE,src/main/java/com/fluxfhir/opt/v2/infrastructure/bigquery/schema/ObservationSchema.java
Observation,184,meta_profile_1,STRING,NULLABLE,src/main/java/com/fluxfhir/opt/v2/infrastructure/bigquery/schema/ObservationSchema.java
Observation,185,meta_profile_2,STRING,NULLABLE,src/main/java/com/fluxfhir/opt/v2/infrastructure/bigquery/schema/ObservationSchema.java
Observation,186,meta_source,STRING,NULLABLE,src/main/java/com/fluxfhir/opt/v2/infrastructure/bigquery/schema/ObservationSchema.java
Observation,187,note_1_time,TIMESTAMP,NULLABLE,src/main/java/com/fluxfhir/opt/v2/infrastructure/bigquery/schema/ObservationSchema.java
Observation,188,note_2_text,STRING,NULLABLE,src/main/java/com/fluxfhir/opt/v2/infrastructure/bigquery/schema/ObservationSchema.java
Observation,189,performer_0_identifier_system,STRING,NULLABLE,src/main/java/com/fluxfhir/opt/v2/infrastructure/bigquery/schema/ObservationSchema.java
Observation,190,performer_0_identifier_value,STRING,NULLABLE,src/main/java/com/fluxfhir/opt/v2/infrastructure/bigquery/schema/ObservationSchema.java
Observation,191,specimen_identifier_system,STRING,NULLABLE,src/main/java/com/fluxfhir/opt/v2/infrastructure/bigquery/schema/ObservationSchema.java
Observation,192,specimen_identifier_value,STRING,NULLABLE,src/main/java/com/fluxfhir/opt/v2/infrastructure/bigquery/schema/ObservationSchema.java
Observation,193,subject_identifier_system,STRING,NULLABLE,src/main/java/com/fluxfhir/opt/v2/infrastructure/bigquery/schema/ObservationSchema.java
Observation,194,subject_identifier_value,STRING,NULLABLE,src/main/java/com/fluxfhir/opt/v2/infrastructure/bigquery/schema/ObservationSchema.java
Observation,195,valueAttachment_language,STRING,NULLABLE,src/main/java/com/fluxfhir/opt/v2/infrastructure/bigquery/schema/ObservationSchema.java
Observation,196,valueRange_high_code,STRING,NULLABLE,src/main/java/com/fluxfhir/opt/v2/infrastructure/bigquery/schema/ObservationSchema.java
Observation,197,valueRange_high_system,STRING,NULLABLE,src/main/java/com/fluxfhir/opt/v2/infrastructure/bigquery/schema/ObservationSchema.java
Observation,198,valueRange_low_code,STRING,NULLABLE,src/main/java/com/fluxfhir/opt/v2/infrastructure/bigquery/schema/ObservationSchema.java
Observation,199,valueRange_low_system,STRING,NULLABLE,src/main/java/com/fluxfhir/opt/v2/infrastructure/bigquery/schema/ObservationSchema.java
Observation,200,valueRatio_denominator_code,STRING,NULLABLE,src/main/java/com/fluxfhir/opt/v2/infrastructure/bigquery/schema/ObservationSchema.java
Observation,201,valueRatio_denominator_system,STRING,NULLABLE,src/main/java/com/fluxfhir/opt/v2/infrastructure/bigquery/schema/ObservationSchema.java
Observation,202,valueRatio_numerator_code,STRING,NULLABLE,src/main/java/com/fluxfhir/opt/v2/infrastructure/bigquery/schema/ObservationSchema.java
Observation,203,valueRatio_numerator_system,STRING,NULLABLE,src/main/java/com/fluxfhir/opt/v2/infrastructure/bigquery/schema/ObservationSchema.java
Observation,204,valueReference_display,STRING,NULLABLE,src/main/java/com/fluxfhir/opt/v2/infrastructure/bigquery/schema/ObservationSchema.java
Observation,205,valueReference_reference,STRING,NULLABLE,src/main/java/com/fluxfhir/opt/v2/infrastructure/bigquery/schema/ObservationSchema.java
Observation,206,valueReference_type,STRING,NULLABLE,src/main/java/com/fluxfhir/opt/v2/infrastructure/bigquery/schema/ObservationSchema.java
Patient,1,id,STRING,NULLABLE,src/main/java/com/fluxfhir/opt/v2/infrastructure/bigquery/schema/PatientSchema.java
Patient,2,resourceType,STRING,NULLABLE,src/main/java/com/fluxfhir/opt/v2/infrastructure/bigquery/schema/PatientSchema.java
Patient,3,active,BOOL,NULLABLE,src/main/java/com/fluxfhir/opt/v2/infrastructure/bigquery/schema/PatientSchema.java
Patient,4,gender,STRING,NULLABLE,src/main/java/com/fluxfhir/opt/v2/infrastructure/bigquery/schema/PatientSchema.java
Patient,5,birth_date,DATE,NULLABLE,src/main/java/com/fluxfhir/opt/v2/infrastructure/bigquery/schema/PatientSchema.java
Patient,6,marital_status,STRING,NULLABLE,src/main/java/com/fluxfhir/opt/v2/infrastructure/bigquery/schema/PatientSchema.java
Patient,7,medical_record_number,STRING,NULLABLE,src/main/java/com/fluxfhir/opt/v2/infrastructure/bigquery/schema/PatientSchema.java
Patient,8,name_0_use,STRING,NULLABLE,src/main/java/com/fluxfhir/opt/v2/infrastructure/bigquery/schema/PatientSchema.java
Patient,9,name_0_family,STRING,NULLABLE,src/main/java/com/fluxfhir/opt/v2/infrastructure/bigquery/schema/PatientSchema.java
Patient,10,name_0_given,STRING,REPEATED,src/main/java/com/fluxfhir/opt/v2/infrastructure/bigquery/schema/PatientSchema.java
Patient,11,name_0_prefix,STRING,REPEATED,src/main/java/com/fluxfhir/opt/v2/infrastructure/bigquery/schema/PatientSchema.java
Patient,12,name_1_use,STRING,NULLABLE,src/main/java/com/fluxfhir/opt/v2/infrastructure/bigquery/schema/PatientSchema.java
Patient,13,name_1_family,STRING,NULLABLE,src/main/java/com/fluxfhir/opt/v2/infrastructure/bigquery/schema/PatientSchema.java
Patient,14,name_1_given,STRING,REPEATED,src/main/java/com/fluxfhir/opt/v2/infrastructure/bigquery/schema/PatientSchema.java
Patient,15,name_1_prefix,STRING,REPEATED,src/main/java/com/fluxfhir/opt/v2/infrastructure/bigquery/schema/PatientSchema.java
Patient,16,address_0_use,STRING,NULLABLE,src/main/java/com/fluxfhir/opt/v2/infrastructure/bigquery/schema/PatientSchema.java
Patient,17,address_0_type,STRING,NULLABLE,src/main/java/com/fluxfhir/opt/v2/infrastructure/bigquery/schema/PatientSchema.java
Patient,18,address_0_line,STRING,REPEATED,src/main/java/com/fluxfhir/opt/v2/infrastructure/bigquery/schema/PatientSchema.java
Patient,19,address_0_city,STRING,NULLABLE,src/main/java/com/fluxfhir/opt/v2/infrastructure/bigquery/schema/PatientSchema.java
Patient,20,address_0_district,STRING,NULLABLE,src/main/java/com/fluxfhir/opt/v2/infrastructure/bigquery/schema/PatientSchema.java
Patient,21,address_0_state,STRING,NULLABLE,src/main/java/com/fluxfhir/opt/v2/infrastructure/bigquery/schema/PatientSchema.java
Patient,22,address_0_postal_code,STRING,NULLABLE,src/main/java/com/fluxfhir/opt/v2/infrastructure/bigquery/schema/PatientSchema.java
Patient,23,address_0_country,STRING,NULLABLE,src/main/java/com/fluxfhir/opt/v2/infrastructure/bigquery/schema/PatientSchema.java
Patient,24,address_1_use,STRING,NULLABLE,src/main/java/com/fluxfhir/opt/v2/infrastructure/bigquery/schema/PatientSchema.java
Patient,25,address_1_type,STRING,NULLABLE,src/main/java/com/fluxfhir/opt/v2/infrastructure/bigquery/schema/PatientSchema.java
Patient,26,address_1_line,STRING,REPEATED,src/main/java/com/fluxfhir/opt/v2/infrastructure/bigquery/schema/PatientSchema.java
Patient,27,address_1_city,STRING,NULLABLE,src/main/java/com/fluxfhir/opt/v2/infrastructure/bigquery/schema/PatientSchema.java
Patient,28,address_1_district,STRING,NULLABLE,src/main/java/com/fluxfhir/opt/v2/infrastructure/bigquery/schema/PatientSchema.java
Patient,29,address_1_state,STRING,NULLABLE,src/main/java/com/fluxfhir/opt/v2/infrastructure/bigquery/schema/PatientSchema.java
Patient,30,address_1_postal_code,STRING,NULLABLE,src/main/java/com/fluxfhir/opt/v2/infrastructure/bigquery/schema/PatientSchema.java
Patient,31,address_1_country,STRING,NULLABLE,src/main/java/com/fluxfhir/opt/v2/infrastructure/bigquery/schema/PatientSchema.java
Patient,32,generalPractitioner_0_reference,STRING,NULLABLE,src/main/java/com/fluxfhir/opt/v2/infrastructure/bigquery/schema/PatientSchema.java
Patient,33,generalPractitioner_0_display,STRING,NULLABLE,src/main/java/com/fluxfhir/opt/v2/infrastructure/bigquery/schema/PatientSchema.java
Patient,34,generalPractitioner_1_reference,STRING,NULLABLE,src/main/java/com/fluxfhir/opt/v2/infrastructure/bigquery/schema/PatientSchema.java
Patient,35,generalPractitioner_1_display,STRING,NULLABLE,src/main/java/com/fluxfhir/opt/v2/infrastructure/bigquery/schema/PatientSchema.java
Patient,36,managingOrganization_reference,STRING,NULLABLE,src/main/java/com/fluxfhir/opt/v2/infrastructure/bigquery/schema/PatientSchema.java
Patient,37,managingOrganization_display,STRING,NULLABLE,src/main/java/com/fluxfhir/opt/v2/infrastructure/bigquery/schema/PatientSchema.java
Patient,38,race,STRING,NULLABLE,src/main/java/com/fluxfhir/opt/v2/infrastructure/bigquery/schema/PatientSchema.java
Patient,39,ethnicity,STRING,NULLABLE,src/main/java/com/fluxfhir/opt/v2/infrastructure/bigquery/schema/PatientSchema.java
Patient,40,createdAt,TIMESTAMP,NULLABLE,src/main/java/com/fluxfhir/opt/v2/infrastructure/bigquery/schema/PatientSchema.java
Patient,41,updatedAt,TIMESTAMP,NULLABLE,src/main/java/com/fluxfhir/opt/v2/infrastructure/bigquery/schema/PatientSchema.java
Patient,42,isDeleted,BOOL,NULLABLE,src/main/java/com/fluxfhir/opt/v2/infrastructure/bigquery/schema/PatientSchema.java
Practitioner,1,id,STRING,NULLABLE,src/main/java/com/fluxfhir/opt/v2/infrastructure/bigquery/schema/PractitionerSchema.java
Practitioner,2,resourceType,STRING,NULLABLE,src/main/java/com/fluxfhir/opt/v2/infrastructure/bigquery/schema/PractitionerSchema.java
Practitioner,3,meta_versionId,STRING,NULLABLE,src/main/java/com/fluxfhir/opt/v2/infrastructure/bigquery/schema/PractitionerSchema.java
Practitioner,4,meta_lastUpdated,TIMESTAMP,NULLABLE,src/main/java/com/fluxfhir/opt/v2/infrastructure/bigquery/schema/PractitionerSchema.java
Practitioner,5,meta_profile_0,STRING,NULLABLE,src/main/java/com/fluxfhir/opt/v2/infrastructure/bigquery/schema/PractitionerSchema.java
Practitioner,6,text_status,STRING,NULLABLE,src/main/java/com/fluxfhir/opt/v2/infrastructure/bigquery/schema/PractitionerSchema.java
Practitioner,7,text_div,STRING,NULLABLE,src/main/java/com/fluxfhir/opt/v2/infrastructure/bigquery/schema/PractitionerSchema.java
Practitioner,8,identifier_0_system,STRING,NULLABLE,src/main/java/com/fluxfhir/opt/v2/infrastructure/bigquery/schema/PractitionerSchema.java
Practitioner,9,identifier_0_value,STRING,NULLABLE,src/main/java/com/fluxfhir/opt/v2/infrastructure/bigquery/schema/PractitionerSchema.java
Practitioner,10,identifier_0_display,STRING,NULLABLE,src/main/java/com/fluxfhir/opt/v2/infrastructure/bigquery/schema/PractitionerSchema.java
Practitioner,11,identifier_1_system,STRING,NULLABLE,src/main/java/com/fluxfhir/opt/v2/infrastructure/bigquery/schema/PractitionerSchema.java
Practitioner,12,identifier_1_value,STRING,NULLABLE,src/main/java/com/fluxfhir/opt/v2/infrastructure/bigquery/schema/PractitionerSchema.java
Practitioner,13,identifier_1_display,STRING,NULLABLE,src/main/java/com/fluxfhir/opt/v2/infrastructure/bigquery/schema/PractitionerSchema.java
Practitioner,14,identifier_2_system,STRING,NULLABLE,src/main/java/com/fluxfhir/opt/v2/infrastructure/bigquery/schema/PractitionerSchema.java
Practitioner,15,identifier_2_value,STRING,NULLABLE,src/main/java/com/fluxfhir/opt/v2/infrastructure/bigquery/schema/PractitionerSchema.java
Practitioner,16,identifier_2_display,STRING,NULLABLE,src/main/java/com/fluxfhir/opt/v2/infrastructure/bigquery/schema/PractitionerSchema.java
Practitioner,17,active,BOOL,NULLABLE,src/main/java/com/fluxfhir/opt/v2/infrastructure/bigquery/schema/PractitionerSchema.java
Practitioner,18,name_0_use,STRING,NULLABLE,src/main/java/com/fluxfhir/opt/v2/infrastructure/bigquery/schema/PractitionerSchema.java
Practitioner,19,name_0_family,STRING,NULLABLE,src/main/java/com/fluxfhir/opt/v2/infrastructure/bigquery/schema/PractitionerSchema.java
Practitioner,20,name_0_given_0,STRING,NULLABLE,src/main/java/com/fluxfhir/opt/v2/infrastructure/bigquery/schema/PractitionerSchema.java
Practitioner,21,name_0_prefix_0,STRING,NULLABLE,src/main/java/com/fluxfhir/opt/v2/infrastructure/bigquery/schema/PractitionerSchema.java
Practitioner,22,name_1_use,STRING,NULLABLE,src/main/java/com/fluxfhir/opt/v2/infrastructure/bigquery/schema/PractitionerSchema.java
Practitioner,23,name_1_family,STRING,NULLABLE,src/main/java/com/fluxfhir/opt/v2/infrastructure/bigquery/schema/PractitionerSchema.java
Practitioner,24,name_1_given_0,STRING,NULLABLE,src/main/java/com/fluxfhir/opt/v2/infrastructure/bigquery/schema/PractitionerSchema.java
Practitioner,25,name_1_given_1,STRING,NULLABLE,src/main/java/com/fluxfhir/opt/v2/infrastructure/bigquery/schema/PractitionerSchema.java
Practitioner,26,telecom_0_system,STRING,NULLABLE,src/main/java/com/fluxfhir/opt/v2/infrastructure/bigquery/schema/PractitionerSchema.java
Practitioner,27,telecom_0_value,STRING,NULLABLE,src/main/java/com/fluxfhir/opt/v2/infrastructure/bigquery/schema/PractitionerSchema.java
Practitioner,28,telecom_0_use,STRING,NULLABLE,src/main/java/com/fluxfhir/opt/v2/infrastructure/bigquery/schema/PractitionerSchema.java
Practitioner,29,telecom_1_system,STRING,NULLABLE,src/main/java/com/fluxfhir/opt/v2/infrastructure/bigquery/schema/PractitionerSchema.java
Practitioner,30,telecom_1_value,STRING,NULLABLE,src/main/java/com/fluxfhir/opt/v2/infrastructure/bigquery/schema/PractitionerSchema.java
Practitioner,31,telecom_1_use,STRING,NULLABLE,src/main/java/com/fluxfhir/opt/v2/infrastructure/bigquery/schema/PractitionerSchema.java
Practitioner,32,telecom_2_system,STRING,NULLABLE,src/main/java/com/fluxfhir/opt/v2/infrastructure/bigquery/schema/PractitionerSchema.java
Practitioner,33,telecom_2_value,STRING,NULLABLE,src/main/java/com/fluxfhir/opt/v2/infrastructure/bigquery/schema/PractitionerSchema.java
Practitioner,34,telecom_2_use,STRING,NULLABLE,src/main/java/com/fluxfhir/opt/v2/infrastructure/bigquery/schema/PractitionerSchema.java
Practitioner,35,address_0_use,STRING,NULLABLE,src/main/java/com/fluxfhir/opt/v2/infrastructure/bigquery/schema/PractitionerSchema.java
Practitioner,36,address_0_type,STRING,NULLABLE,src/main/java/com/fluxfhir/opt/v2/infrastructure/bigquery/schema/PractitionerSchema.java
Practitioner,37,address_0_text,STRING,NULLABLE,src/main/java/com/fluxfhir/opt/v2/infrastructure/bigquery/schema/PractitionerSchema.java
Practitioner,38,address_0_line_0,STRING,NULLABLE,src/main/java/com/fluxfhir/opt/v2/infrastructure/bigquery/schema/PractitionerSchema.java
Practitioner,39,address_0_line_1,STRING,NULLABLE,src/main/java/com/fluxfhir/opt/v2/infrastructure/bigquery/schema/PractitionerSchema.java
Practitioner,40,address_0_city,STRING,NULLABLE,src/main/java/com/fluxfhir/opt/v2/infrastructure/bigquery/schema/PractitionerSchema.java
Practitioner,41,address_0_state,STRING,NULLABLE,src/main/java/com/fluxfhir/opt/v2/infrastructure/bigquery/schema/PractitionerSchema.java
Practitioner,42,address_0_postalCode,STRING,NULLABLE,src/main/java/com/fluxfhir/opt/v2/infrastructure/bigquery/schema/PractitionerSchema.java
Practitioner,43,address_0_country,STRING,NULLABLE,src/main/java/com/fluxfhir/opt/v2/infrastructure/bigquery/schema/PractitionerSchema.java
Practitioner,44,gender,STRING,NULLABLE,src/main/java/com/fluxfhir/opt/v2/infrastructure/bigquery/schema/PractitionerSchema.java
Practitioner,45,birthDate,DATE,NULLABLE,src/main/java/com/fluxfhir/opt/v2/infrastructure/bigquery/schema/PractitionerSchema.java
Practitioner,46,qualification_0_identifier_0_system,STRING,NULLABLE,src/main/java/com/fluxfhir/opt/v2/infrastructure/bigquery/schema/PractitionerSchema.java
Practitioner,47,qualification_0_identifier_0_value,STRING,NULLABLE,src/main/java/com/fluxfhir/opt/v2/infrastructure/bigquery/schema/PractitionerSchema.java
Practitioner,48,qualification_0_code_coding_0_system,STRING,NULLABLE,src/main/java/com/fluxfhir/opt/v2/infrastructure/bigquery/schema/PractitionerSchema.java
Practitioner,49,qualification_0_code_coding_0_code,STRING,NULLABLE,src/main/java/com/fluxfhir/opt/v2/infrastructure/bigquery/schema/PractitionerSchema.java
Practitioner,50,qualification_0_code_coding_0_display,STRING,NULLABLE,src/main/java/com/fluxfhir/opt/v2/infrastructure/bigquery/schema/PractitionerSchema.java
Practitioner,51,qualification_0_code_text,STRING,NULLABLE,src/main/java/com/fluxfhir/opt/v2/infrastructure/bigquery/schema/PractitionerSchema.java
Practitioner,52,qualification_0_period_start,DATE,NULLABLE,src/main/java/com/fluxfhir/opt/v2/infrastructure/bigquery/schema/PractitionerSchema.java
Practitioner,53,qualification_0_period_end,DATE,NULLABLE,src/main/java/com/fluxfhir/opt/v2/infrastructure/bigquery/schema/PractitionerSchema.java
Practitioner,54,qualification_0_issuer_display,STRING,NULLABLE,src/main/java/com/fluxfhir/opt/v2/infrastructure/bigquery/schema/PractitionerSchema.java
Practitioner,55,qualification_1_code_coding_0_system,STRING,NULLABLE,src/main/java/com/fluxfhir/opt/v2/infrastructure/bigquery/schema/PractitionerSchema.java
Practitioner,56,qualification_1_code_coding_0_code,STRING,NULLABLE,src/main/java/com/fluxfhir/opt/v2/infrastructure/bigquery/schema/PractitionerSchema.java
Practitioner,57,qualification_1_code_coding_0_display,STRING,NULLABLE,src/main/java/com/fluxfhir/opt/v2/infrastructure/bigquery/schema/PractitionerSchema.java
Practitioner,58,qualification_1_code_text,STRING,NULLABLE,src/main/java/com/fluxfhir/opt/v2/infrastructure/bigquery/schema/PractitionerSchema.java
Practitioner,59,qualification_1_period_start,DATE,NULLABLE,src/main/java/com/fluxfhir/opt/v2/infrastructure/bigquery/schema/PractitionerSchema.java
Practitioner,60,qualification_1_period_end,DATE,NULLABLE,src/main/java/com/fluxfhir/opt/v2/infrastructure/bigquery/schema/PractitionerSchema.java
Practitioner,61,qualification_1_issuer_display,STRING,NULLABLE,src/main/java/com/fluxfhir/opt/v2/infrastructure/bigquery/schema/PractitionerSchema.java
Practitioner,62,communication_0_language_coding_0_system,STRING,NULLABLE,src/main/java/com/fluxfhir/opt/v2/infrastructure/bigquery/schema/PractitionerSchema.java
Practitioner,63,communication_0_language_coding_0_code,STRING,NULLABLE,src/main/java/com/fluxfhir/opt/v2/infrastructure/bigquery/schema/PractitionerSchema.java
Practitioner,64,communication_0_language_coding_0_display,STRING,NULLABLE,src/main/java/com/fluxfhir/opt/v2/infrastructure/bigquery/schema/PractitionerSchema.java
Practitioner,65,communication_0_preferred,BOOL,NULLABLE,src/main/java/com/fluxfhir/opt/v2/infrastructure/bigquery/schema/PractitionerSchema.java
Practitioner,66,communication_1_language_coding_0_system,STRING,NULLABLE,src/main/java/com/fluxfhir/opt/v2/infrastructure/bigquery/schema/PractitionerSchema.java
Practitioner,67,communication_1_language_coding_0_code,STRING,NULLABLE,src/main/java/com/fluxfhir/opt/v2/infrastructure/bigquery/schema/PractitionerSchema.java
Practitioner,68,communication_1_language_coding_0_display,STRING,NULLABLE,src/main/java/com/fluxfhir/opt/v2/infrastructure/bigquery/schema/PractitionerSchema.java
Practitioner,69,communication_1_preferred,BOOL,NULLABLE,src/main/java/com/fluxfhir/opt/v2/infrastructure/bigquery/schema/PractitionerSchema.java
Practitioner,70,createdAt,TIMESTAMP,NULLABLE,src/main/java/com/fluxfhir/opt/v2/infrastructure/bigquery/schema/PractitionerSchema.java
Practitioner,71,updatedAt,TIMESTAMP,NULLABLE,src/main/java/com/fluxfhir/opt/v2/infrastructure/bigquery/schema/PractitionerSchema.java
Practitioner,72,isDeleted,BOOL,NULLABLE,src/main/java/com/fluxfhir/opt/v2/infrastructure/bigquery/schema/PractitionerSchema.java
Procedure,1,id,STRING,NULLABLE,src/main/java/com/fluxfhir/opt/v2/infrastructure/bigquery/schema/ProcedureSchema.java
Procedure,2,resourceType,STRING,NULLABLE,src/main/java/com/fluxfhir/opt/v2/infrastructure/bigquery/schema/ProcedureSchema.java
Procedure,3,status,STRING,NULLABLE,src/main/java/com/fluxfhir/opt/v2/infrastructure/bigquery/schema/ProcedureSchema.java
Procedure,4,category_0_coding_0_system,STRING,NULLABLE,src/main/java/com/fluxfhir/opt/v2/infrastructure/bigquery/schema/ProcedureSchema.java
Procedure,5,category_0_coding_0_code,STRING,NULLABLE,src/main/java/com/fluxfhir/opt/v2/infrastructure/bigquery/schema/ProcedureSchema.java
Procedure,6,category_0_coding_0_display,STRING,NULLABLE,src/main/java/com/fluxfhir/opt/v2/infrastructure/bigquery/schema/ProcedureSchema.java
Procedure,7,category_0_text,STRING,NULLABLE,src/main/java/com/fluxfhir/opt/v2/infrastructure/bigquery/schema/ProcedureSchema.java
Procedure,8,code_coding_0_system,STRING,NULLABLE,src/main/java/com/fluxfhir/opt/v2/infrastructure/bigquery/schema/ProcedureSchema.java
Procedure,9,code_coding_0_code,STRING,NULLABLE,src/main/java/com/fluxfhir/opt/v2/infrastructure/bigquery/schema/ProcedureSchema.java
Procedure,10,code_coding_0_display,STRING,NULLABLE,src/main/java/com/fluxfhir/opt/v2/infrastructure/bigquery/schema/ProcedureSchema.java
Procedure,11,code_coding_1_system,STRING,NULLABLE,src/main/java/com/fluxfhir/opt/v2/infrastructure/bigquery/schema/ProcedureSchema.java
Procedure,12,code_coding_1_code,STRING,NULLABLE,src/main/java/com/fluxfhir/opt/v2/infrastructure/bigquery/schema/ProcedureSchema.java
Procedure,13,code_coding_1_display,STRING,NULLABLE,src/main/java/com/fluxfhir/opt/v2/infrastructure/bigquery/schema/ProcedureSchema.java
Procedure,14,code_text,STRING,NULLABLE,src/main/java/com/fluxfhir/opt/v2/infrastructure/bigquery/schema/ProcedureSchema.java
Procedure,15,subject_reference,STRING,NULLABLE,src/main/java/com/fluxfhir/opt/v2/infrastructure/bigquery/schema/ProcedureSchema.java
Procedure,16,subject_display,STRING,NULLABLE,src/main/java/com/fluxfhir/opt/v2/infrastructure/bigquery/schema/ProcedureSchema.java
Procedure,17,encounter_reference,STRING,NULLABLE,src/main/java/com/fluxfhir/opt/v2/infrastructure/bigquery/schema/ProcedureSchema.java
Procedure,18,encounter_display,STRING,NULLABLE,src/main/java/com/fluxfhir/opt/v2/infrastructure/bigquery/schema/ProcedureSchema.java
Procedure,19,occurrencePeriod_start,TIMESTAMP,NULLABLE,src/main/java/com/fluxfhir/opt/v2/infrastructure/bigquery/schema/ProcedureSchema.java
Procedure,20,occurrencePeriod_end,TIMESTAMP,NULLABLE,src/main/java/com/fluxfhir/opt/v2/infrastructure/bigquery/schema/ProcedureSchema.java
Procedure,21,occurrenceDateTime,TIMESTAMP,NULLABLE,src/main/java/com/fluxfhir/opt/v2/infrastructure/bigquery/schema/ProcedureSchema.java
Procedure,22,recorded,TIMESTAMP,NULLABLE,src/main/java/com/fluxfhir/opt/v2/infrastructure/bigquery/schema/ProcedureSchema.java
Procedure,23,recorder_reference,STRING,NULLABLE,src/main/java/com/fluxfhir/opt/v2/infrastructure/bigquery/schema/ProcedureSchema.java
Procedure,24,recorder_display,STRING,NULLABLE,src/main/java/com/fluxfhir/opt/v2/infrastructure/bigquery/schema/ProcedureSchema.java
Procedure,25,performer_0_actor_reference,STRING,NULLABLE,src/main/java/com/fluxfhir/opt/v2/infrastructure/bigquery/schema/ProcedureSchema.java
Procedure,26,performer_0_actor_display,STRING,NULLABLE,src/main/java/com/fluxfhir/opt/v2/infrastructure/bigquery/schema/ProcedureSchema.java
Procedure,27,performer_0_function_coding_0_system,STRING,NULLABLE,src/main/java/com/fluxfhir/opt/v2/infrastructure/bigquery/schema/ProcedureSchema.java
Procedure,28,performer_0_function_coding_0_code,STRING,NULLABLE,src/main/java/com/fluxfhir/opt/v2/infrastructure/bigquery/schema/ProcedureSchema.java
Procedure,29,performer_0_function_coding_0_display,STRING,NULLABLE,src/main/java/com/fluxfhir/opt/v2/infrastructure/bigquery/schema/ProcedureSchema.java
Procedure,30,performer_1_actor_reference,STRING,NULLABLE,src/main/java/com/fluxfhir/opt/v2/infrastructure/bigquery/schema/ProcedureSchema.java
Procedure,31,performer_1_actor_display,STRING,NULLABLE,src/main/java/com/fluxfhir/opt/v2/infrastructure/bigquery/schema/ProcedureSchema.java
Procedure,32,performer_1_function_coding_0_system,STRING,NULLABLE,src/main/java/com/fluxfhir/opt/v2/infrastructure/bigquery/schema/ProcedureSchema.java
Procedure,33,performer_1_function_coding_0_code,STRING,NULLABLE,src/main/java/com/fluxfhir/opt/v2/infrastructure/bigquery/schema/ProcedureSchema.java
Procedure,34,performer_1_function_coding_0_display,STRING,NULLABLE,src/main/java/com/fluxfhir/opt/v2/infrastructure/bigquery/schema/ProcedureSchema.java
Procedure,35,location_reference,STRING,NULLABLE,src/main/java/com/fluxfhir/opt/v2/infrastructure/bigquery/schema/ProcedureSchema.java
Procedure,36,location_display,STRING,NULLABLE,src/main/java/com/fluxfhir/opt/v2/infrastructure/bigquery/schema/ProcedureSchema.java
Procedure,37,reason_0_concept_coding_0_system,STRING,NULLABLE,src/main/java/com/fluxfhir/opt/v2/infrastructure/bigquery/schema/ProcedureSchema.java
Procedure,38,reason_0_concept_coding_0_code,STRING,NULLABLE,src/main/java/com/fluxfhir/opt/v2/infrastructure/bigquery/schema/ProcedureSchema.java
Procedure,39,reason_0_concept_coding_0_display,STRING,NULLABLE,src/main/java/com/fluxfhir/opt/v2/infrastructure/bigquery/schema/ProcedureSchema.java
Procedure,40,reason_0_concept_text,STRING,NULLABLE,src/main/java/com/fluxfhir/opt/v2/infrastructure/bigquery/schema/ProcedureSchema.java
Procedure,41,reason_0_reference_reference,STRING,NULLABLE,src/main/java/com/fluxfhir/opt/v2/infrastructure/bigquery/schema/ProcedureSchema.java
Procedure,42,reason_0_reference_display,STRING,NULLABLE,src/main/java/com/fluxfhir/opt/v2/infrastructure/bigquery/schema/ProcedureSchema.java
Procedure,43,bodySite_0_coding_0_system,STRING,NULLABLE,src/main/java/com/fluxfhir/opt/v2/infrastructure/bigquery/schema/ProcedureSchema.java
Procedure,44,bodySite_0_coding_0_code,STRING,NULLABLE,src/main/java/com/fluxfhir/opt/v2/infrastructure/bigquery/schema/ProcedureSchema.java
Procedure,45,bodySite_0_coding_0_display,STRING,NULLABLE,src/main/java/com/fluxfhir/opt/v2/infrastructure/bigquery/schema/ProcedureSchema.java
Procedure,46,bodySite_0_coding_1_system,STRING,NULLABLE,src/main/java/com/fluxfhir/opt/v2/infrastructure/bigquery/schema/ProcedureSchema.java
Procedure,47,bodySite_0_coding_1_code,STRING,NULLABLE,src/main/java/com/fluxfhir/opt/v2/infrastructure/bigquery/schema/ProcedureSchema.java
Procedure,48,bodySite_0_coding_1_display,STRING,NULLABLE,src/main/java/com/fluxfhir/opt/v2/infrastructure/bigquery/schema/ProcedureSchema.java
Procedure,49,bodySite_0_text,STRING,NULLABLE,src/main/java/com/fluxfhir/opt/v2/infrastructure/bigquery/schema/ProcedureSchema.java
Procedure,50,usedCode_0_concept_coding_0_system,STRING,NULLABLE,src/main/java/com/fluxfhir/opt/v2/infrastructure/bigquery/schema/ProcedureSchema.java
Procedure,51,usedCode_0_concept_coding_0_code,STRING,NULLABLE,src/main/java/com/fluxfhir/opt/v2/infrastructure/bigquery/schema/ProcedureSchema.java
Procedure,52,usedCode_0_concept_coding_0_display,STRING,NULLABLE,src/main/java/com/fluxfhir/opt/v2/infrastructure/bigquery/schema/ProcedureSchema.java
Procedure,53,usedCode_0_concept_text,STRING,NULLABLE,src/main/java/com/fluxfhir/opt/v2/infrastructure/bigquery/schema/ProcedureSchema.java
Procedure,54,report_0_reference,STRING,NULLABLE,src/main/java/com/fluxfhir/opt/v2/infrastructure/bigquery/schema/ProcedureSchema.java
Procedure,55,report_0_display,STRING,NULLABLE,src/main/java/com/fluxfhir/opt/v2/infrastructure/bigquery/schema/ProcedureSchema.java
Procedure,56,statusReason_coding_0_system,STRING,NULLABLE,src/main/java/com/fluxfhir/opt/v2/infrastructure/bigquery/schema/ProcedureSchema.java
Procedure,57,statusReason_coding_0_code,STRING,NULLABLE,src/main/java/com/fluxfhir/opt/v2/infrastructure/bigquery/schema/ProcedureSchema.java
Procedure,58,statusReason_coding_0_display,STRING,NULLABLE,src/main/java/com/fluxfhir/opt/v2/infrastructure/bigquery/schema/ProcedureSchema.java
Procedure,59,outcome_coding_0_system,STRING,NULLABLE,src/main/java/com/fluxfhir/opt/v2/infrastructure/bigquery/schema/ProcedureSchema.java
Procedure,60,outcome_coding_0_code,STRING,NULLABLE,src/main/java/com/fluxfhir/opt/v2/infrastructure/bigquery/schema/ProcedureSchema.java
Procedure,61,outcome_coding_0_display,STRING,NULLABLE,src/main/java/com/fluxfhir/opt/v2/infrastructure/bigquery/schema/ProcedureSchema.java
Procedure,62,outcome_text,STRING,NULLABLE,src/main/java/com/fluxfhir/opt/v2/infrastructure/bigquery/schema/ProcedureSchema.java
Procedure,63,note_0_text,STRING,NULLABLE,src/main/java/com/fluxfhir/opt/v2/infrastructure/bigquery/schema/ProcedureSchema.java
Procedure,64,note_0_time,TIMESTAMP,NULLABLE,src/main/java/com/fluxfhir/opt/v2/infrastructure/bigquery/schema/ProcedureSchema.java
Procedure,65,createdAt,TIMESTAMP,NULLABLE,src/main/java/com/fluxfhir/opt/v2/infrastructure/bigquery/schema/ProcedureSchema.java
Procedure,66,updatedAt,TIMESTAMP,NULLABLE,src/main/java/com/fluxfhir/opt/v2/infrastructure/bigquery/schema/ProcedureSchema.java
Procedure,67,isDeleted,BOOL,NULLABLE,src/main/java/com/fluxfhir/opt/v2/infrastructure/bigquery/schema/ProcedureSchema.java
Task,1,id,STRING,NULLABLE,src/main/java/com/fluxfhir/opt/v2/infrastructure/bigquery/schema/TaskSchema.java
Task,2,resourceType,STRING,NULLABLE,src/main/java/com/fluxfhir/opt/v2/infrastructure/bigquery/schema/TaskSchema.java
Task,3,meta_versionId,STRING,NULLABLE,src/main/java/com/fluxfhir/opt/v2/infrastructure/bigquery/schema/TaskSchema.java
Task,4,meta_lastUpdated,TIMESTAMP,NULLABLE,src/main/java/com/fluxfhir/opt/v2/infrastructure/bigquery/schema/TaskSchema.java
Task,5,meta_source,STRING,NULLABLE,src/main/java/com/fluxfhir/opt/v2/infrastructure/bigquery/schema/TaskSchema.java
Task,6,meta_profile_0,STRING,NULLABLE,src/main/java/com/fluxfhir/opt/v2/infrastructure/bigquery/schema/TaskSchema.java
Task,7,meta_security_0_system,STRING,NULLABLE,src/main/java/com/fluxfhir/opt/v2/infrastructure/bigquery/schema/TaskSchema.java
Task,8,meta_security_0_code,STRING,NULLABLE,src/main/java/com/fluxfhir/opt/v2/infrastructure/bigquery/schema/TaskSchema.java
Task,9,meta_security_0_display,STRING,NULLABLE,src/main/java/com/fluxfhir/opt/v2/infrastructure/bigquery/schema/TaskSchema.java
Task,10,meta_tag_0_system,STRING,NULLABLE,src/main/java/com/fluxfhir/opt/v2/infrastructure/bigquery/schema/TaskSchema.java
Task,11,meta_tag_0_code,STRING,NULLABLE,src/main/java/com/fluxfhir/opt/v2/infrastructure/bigquery/schema/TaskSchema.java
Task,12,meta_tag_0_display,STRING,NULLABLE,src/main/java/com/fluxfhir/opt/v2/infrastructure/bigquery/schema/TaskSchema.java
Task,13,text_status,STRING,NULLABLE,src/main/java/com/fluxfhir/opt/v2/infrastructure/bigquery/schema/TaskSchema.java
Task,14,text_div,STRING,NULLABLE,src/main/java/com/fluxfhir/opt/v2/infrastructure/bigquery/schema/TaskSchema.java
Task,15,identifier_0_use,STRING,NULLABLE,src/main/java/com/fluxfhir/opt/v2/infrastructure/bigquery/schema/TaskSchema.java
Task,16,identifier_0_type_coding_0_system,STRING,NULLABLE,src/main/java/com/fluxfhir/opt/v2/infrastructure/bigquery/schema/TaskSchema.java
Task,17,identifier_0_type_coding_0_code,STRING,NULLABLE,src/main/java/com/fluxfhir/opt/v2/infrastructure/bigquery/schema/TaskSchema.java
Task,18,identifier_0_type_coding_0_display,STRING,NULLABLE,src/main/java/com/fluxfhir/opt/v2/infrastructure/bigquery/schema/TaskSchema.java
Task,19,identifier_0_system,STRING,NULLABLE,src/main/java/com/fluxfhir/opt/v2/infrastructure/bigquery/schema/TaskSchema.java
Task,20,identifier_0_value,STRING,NULLABLE,src/main/java/com/fluxfhir/opt/v2/infrastructure/bigquery/schema/TaskSchema.java
Task,21,identifier_0_period_start,TIMESTAMP,NULLABLE,src/main/java/com/fluxfhir/opt/v2/infrastructure/bigquery/schema/TaskSchema.java
Task,22,identifier_0_period_end,TIMESTAMP,NULLABLE,src/main/java/com/fluxfhir/opt/v2/infrastructure/bigquery/schema/TaskSchema.java
Task,23,identifier_0_assigner_display,STRING,NULLABLE,src/main/java/com/fluxfhir/opt/v2/infrastructure/bigquery/schema/TaskSchema.java
Task,24,status,STRING,NULLABLE,src/main/java/com/fluxfhir/opt/v2/infrastructure/bigquery/schema/TaskSchema.java
Task,25,statusReason_coding_0_system,STRING,NULLABLE,src/main/java/com/fluxfhir/opt/v2/infrastructure/bigquery/schema/TaskSchema.java
Task,26,statusReason_coding_0_code,STRING,NULLABLE,src/main/java/com/fluxfhir/opt/v2/infrastructure/bigquery/schema/TaskSchema.java
Task,27,statusReason_coding_0_display,STRING,NULLABLE,src/main/java/com/fluxfhir/opt/v2/infrastructure/bigquery/schema/TaskSchema.java
Task,28,statusReason_text,STRING,NULLABLE,src/main/java/com/fluxfhir/opt/v2/infrastructure/bigquery/schema/TaskSchema.java
Task,29,businessStatus_coding_0_system,STRING,NULLABLE,src/main/java/com/fluxfhir/opt/v2/infrastructure/bigquery/schema/TaskSchema.java
Task,30,businessStatus_coding_0_code,STRING,NULLABLE,src/main/java/com/fluxfhir/opt/v2/infrastructure/bigquery/schema/TaskSchema.java
Task,31,businessStatus_coding_0_display,STRING,NULLABLE,src/main/java/com/fluxfhir/opt/v2/infrastructure/bigquery/schema/TaskSchema.java
Task,32,businessStatus_text,STRING,NULLABLE,src/main/java/com/fluxfhir/opt/v2/infrastructure/bigquery/schema/TaskSchema.java
Task,33,intent,STRING,NULLABLE,src/main/java/com/fluxfhir/opt/v2/infrastructure/bigquery/schema/TaskSchema.java
Task,34,priority,STRING,NULLABLE,src/main/java/com/fluxfhir/opt/v2/infrastructure/bigquery/schema/TaskSchema.java
Task,35,code_coding_0_system,STRING,NULLABLE,src/main/java/com/fluxfhir/opt/v2/infrastructure/bigquery/schema/TaskSchema.java
Task,36,code_coding_0_code,STRING,NULLABLE,src/main/java/com/fluxfhir/opt/v2/infrastructure/bigquery/schema/TaskSchema.java
Task,37,code_coding_0_display,STRING,NULLABLE,src/main/java/com/fluxfhir/opt/v2/infrastructure/bigquery/schema/TaskSchema.java
Task,38,code_text,STRING,NULLABLE,src/main/java/com/fluxfhir/opt/v2/infrastructure/bigquery/schema/TaskSchema.java
Task,39,description,STRING,NULLABLE,src/main/java/com/fluxfhir/opt/v2/infrastructure/bigquery/schema/TaskSchema.java
Task,40,focus_reference,STRING,NULLABLE,src/main/java/com/fluxfhir/opt/v2/infrastructure/bigquery/schema/TaskSchema.java
Task,41,focus_display,STRING,NULLABLE,src/main/java/com/fluxfhir/opt/v2/infrastructure/bigquery/schema/TaskSchema.java
Task,42,focus_type_coding_0_system,STRING,NULLABLE,src/main/java/com/fluxfhir/opt/v2/infrastructure/bigquery/schema/TaskSchema.java
Task,43,focus_type_coding_0_code,STRING,NULLABLE,src/main/java/com/fluxfhir/opt/v2/infrastructure/bigquery/schema/TaskSchema.java
Task,44,basedOn_0_reference,STRING,NULLABLE,src/main/java/com/fluxfhir/opt/v2/infrastructure/bigquery/schema/TaskSchema.java
Task,45,basedOn_0_display,STRING,NULLABLE,src/main/java/com/fluxfhir/opt/v2/infrastructure/bigquery/schema/TaskSchema.java
Task,46,dependency_0_reference,STRING,NULLABLE,src/main/java/com/fluxfhir/opt/v2/infrastructure/bigquery/schema/TaskSchema.java
Task,47,dependency_0_display,STRING,NULLABLE,src/main/java/com/fluxfhir/opt/v2/infrastructure/bigquery/schema/TaskSchema.java
Task,48,for_reference,STRING,NULLABLE,src/main/java/com/fluxfhir/opt/v2/infrastructure/bigquery/schema/TaskSchema.java
Task,49,for_display,STRING,NULLABLE,src/main/java/com/fluxfhir/opt/v2/infrastructure/bigquery/schema/TaskSchema.java
Task,50,encounter_reference,STRING,NULLABLE,src/main/java/com/fluxfhir/opt/v2/infrastructure/bigquery/schema/TaskSchema.java
Task,51,encounter_display,STRING,NULLABLE,src/main/java/com/fluxfhir/opt/v2/infrastructure/bigquery/schema/TaskSchema.java
Task,52,authoredOn,TIMESTAMP,NULLABLE,src/main/java/com/fluxfhir/opt/v2/infrastructure/bigquery/schema/TaskSchema.java
Task,53,lastModified,TIMESTAMP,NULLABLE,src/main/java/com/fluxfhir/opt/v2/infrastructure/bigquery/schema/TaskSchema.java
Task,54,requester_reference,STRING,NULLABLE,src/main/java/com/fluxfhir/opt/v2/infrastructure/bigquery/schema/TaskSchema.java
Task,55,requester_display,STRING,NULLABLE,src/main/java/com/fluxfhir/opt/v2/infrastructure/bigquery/schema/TaskSchema.java
Task,56,requester_onBehalfOf_reference,STRING,NULLABLE,src/main/java/com/fluxfhir/opt/v2/infrastructure/bigquery/schema/TaskSchema.java
Task,57,requester_onBehalfOf_display,STRING,NULLABLE,src/main/java/com/fluxfhir/opt/v2/infrastructure/bigquery/schema/TaskSchema.java
Task,58,owner_reference,STRING,NULLABLE,src/main/java/com/fluxfhir/opt/v2/infrastructure/bigquery/schema/TaskSchema.java
Task,59,owner_display,STRING,NULLABLE,src/main/java/com/fluxfhir/opt/v2/infrastructure/bigquery/schema/TaskSchema.java
Task,60,reasonCode_0_coding_0_system,STRING,NULLABLE,src/main/java/com/fluxfhir/opt/v2/infrastructure/bigquery/schema/TaskSchema.java
Task,61,reasonCode_0_coding_0_code,STRING,NULLABLE,src/main/java/com/fluxfhir/opt/v2/infrastructure/bigquery/schema/TaskSchema.java
Task,62,reasonCode_0_coding_0_display,STRING,NULLABLE,src/main/java/com/fluxfhir/opt/v2/infrastructure/bigquery/schema/TaskSchema.java
Task,63,reasonCode_0_text,STRING,NULLABLE,src/main/java/com/fluxfhir/opt/v2/infrastructure/bigquery/schema/TaskSchema.java
Task,64,reasonReference_0_reference,STRING,NULLABLE,src/main/java/com/fluxfhir/opt/v2/infrastructure/bigquery/schema/TaskSchema.java
Task,65,reasonReference_0_display,STRING,NULLABLE,src/main/java/com/fluxfhir/opt/v2/infrastructure/bigquery/schema/TaskSchema.java
Task,66,executionPeriod_start,TIMESTAMP,NULLABLE,src/main/java/com/fluxfhir/opt/v2/infrastructure/bigquery/schema/TaskSchema.java
Task,67,executionPeriod_end,TIMESTAMP,NULLABLE,src/main/java/com/fluxfhir/opt/v2/infrastructure/bigquery/schema/TaskSchema.java
Task,68,scheduledTiming_event_0,TIMESTAMP,NULLABLE,src/main/java/com/fluxfhir/opt/v2/infrastructure/bigquery/schema/TaskSchema.java
Task,69,scheduledTiming_repeat_boundsDuration_unit,STRING,NULLABLE,src/main/java/com/fluxfhir/opt/v2/infrastructure/bigquery/schema/TaskSchema.java
Task,70,scheduledTiming_repeat_boundsDuration_system,STRING,NULLABLE,src/main/java/com/fluxfhir/opt/v2/infrastructure/bigquery/schema/TaskSchema.java
Task,71,scheduledTiming_repeat_boundsDuration_code,STRING,NULLABLE,src/main/java/com/fluxfhir/opt/v2/infrastructure/bigquery/schema/TaskSchema.java
Task,72,scheduledTiming_repeat_periodUnit,STRING,NULLABLE,src/main/java/com/fluxfhir/opt/v2/infrastructure/bigquery/schema/TaskSchema.java
Task,73,input_0_type_coding_0_system,STRING,NULLABLE,src/main/java/com/fluxfhir/opt/v2/infrastructure/bigquery/schema/TaskSchema.java
Task,74,input_0_type_coding_0_code,STRING,NULLABLE,src/main/java/com/fluxfhir/opt/v2/infrastructure/bigquery/schema/TaskSchema.java
Task,75,input_0_valueReference_reference,STRING,NULLABLE,src/main/java/com/fluxfhir/opt/v2/infrastructure/bigquery/schema/TaskSchema.java
Task,76,input_0_valueReference_display,STRING,NULLABLE,src/main/java/com/fluxfhir/opt/v2/infrastructure/bigquery/schema/TaskSchema.java
Task,77,input_0_valueCodeableConcept_coding_0_system,STRING,NULLABLE,src/main/java/com/fluxfhir/opt/v2/infrastructure/bigquery/schema/TaskSchema.java
Task,78,input_0_valueCodeableConcept_coding_0_code,STRING,NULLABLE,src/main/java/com/fluxfhir/opt/v2/infrastructure/bigquery/schema/TaskSchema.java
Task,79,output_0_type_coding_0_system,STRING,NULLABLE,src/main/java/com/fluxfhir/opt/v2/infrastructure/bigquery/schema/TaskSchema.java
Task,80,output_0_type_coding_0_code,STRING,NULLABLE,src/main/java/com/fluxfhir/opt/v2/infrastructure/bigquery/schema/TaskSchema.java
Task,81,output_0_valueReference_reference,STRING,NULLABLE,src/main/java/com/fluxfhir/opt/v2/infrastructure/bigquery/schema/TaskSchema.java
Task,82,output_0_valueReference_display,STRING,NULLABLE,src/main/java/com/fluxfhir/opt/v2/infrastructure/bigquery/schema/TaskSchema.java
Task,83,note_0_authorReference_reference,STRING,NULLABLE,src/main/java/com/fluxfhir/opt/v2/infrastructure/bigquery/schema/TaskSchema.java
Task,84,note_0_authorReference_display,STRING,NULLABLE,src/main/java/com/fluxfhir/opt/v2/infrastructure/bigquery/schema/TaskSchema.java
Task,85,note_0_time,TIMESTAMP,NULLABLE,src/main/java/com/fluxfhir/opt/v2/infrastructure/bigquery/schema/TaskSchema.java
Task,86,note_0_text,STRING,NULLABLE,src/main/java/com/fluxfhir/opt/v2/infrastructure/bigquery/schema/TaskSchema.java
Task,87,relevantHistory_0_reference,STRING,NULLABLE,src/main/java/com/fluxfhir/opt/v2/infrastructure/bigquery/schema/TaskSchema.java
Task,88,relevantHistory_0_display,STRING,NULLABLE,src/main/java/com/fluxfhir/opt/v2/infrastructure/bigquery/schema/TaskSchema.java
Task,89,createdAt,TIMESTAMP,NULLABLE,src/main/java/com/fluxfhir/opt/v2/infrastructure/bigquery/schema/TaskSchema.java
Task,90,updatedAt,TIMESTAMP,NULLABLE,src/main/java/com/fluxfhir/opt/v2/infrastructure/bigquery/schema/TaskSchema.java
Task,91,isDeleted,BOOL,NULLABLE,src/main/java/com/fluxfhir/opt/v2/infrastructure/bigquery/schema/TaskSchema.java
